магазин,дата парсинга,наименование,цена
"Санкт-Петербург, улица Савушкина, 112А",16.05.2026,"Молоко пастеризованное ПРОСТОКВАШИНО 2,5%, без змж","79,99"
"Санкт-Петербург, улица Савушкина, 112А",16.05.2026,Яйцо куриное РОСКАР Экстра СО столовое,"139,99"
"Санкт-Петербург, улица Савушкина, 112А",16.05.2026,"Творог МЗ ПИСКАРЕВСКИЙ 5%, без змж","104,99"
"Санкт-Петербург, улица Савушкина, 112А",16.05.2026,"Йогурт TEOS Греческий 2%, без змж","61,99"
"Санкт-Петербург, улица Савушкина, 112А",16.05.2026,Яйцо куриное 365 ДНЕЙ СО,"149,99"
"Санкт-Петербург, улица Савушкина, 112А",16.05.2026,"Масло сладкосливочное БРЕСТ-ЛИТОВСК Сливочное несоленое 82,5%, без змж","189,99"
"Санкт-Петербург, улица Савушкина, 112А",16.05.2026,"Молоко пастеризованное МЗ ПИСКАРЕВСКИЙ Пискарёвское 2,5%, без змж","77,99"
"Санкт-Петербург, улица Савушкина, 112А",16.05.2026,"Сметана МЗ ПИСКАРЕВСКИЙ 15%, без змж","124,99"
"Санкт-Петербург, улица Савушкина, 112А",16.05.2026,"Молоко пастеризованное МЗ ПИСКАРЕВСКИЙ Пискарёвское 2,5%, без змж","89,99"
"Санкт-Петербург, улица Савушкина, 112А",16.05.2026,"Подарочный набор детский КОНФИТРЕЙД Трубочки для молока Банан, шоколад, ваниль без змж","169,99"
"Санкт-Петербург, улица Савушкина, 112А",16.05.2026,"Кефир ПРОСТОКВАШИНО 2,5%, без змж","89,99"
"Санкт-Петербург, улица Савушкина, 112А",16.05.2026,"Сметана БОЛЬШАЯ КРУЖКА 15%, без змж","79,99"
"Санкт-Петербург, улица Савушкина, 112А",16.05.2026,Яйцо куриное СИНЯВИНСКОЕ К завтраку СО столовое,"114,99"
"Санкт-Петербург, улица Савушкина, 112А",16.05.2026,Яйцо куриное РОСКАР Экстра СО столовое,"204,99"
"Санкт-Петербург, улица Савушкина, 112А",16.05.2026,"Десерт питьевой AWAKE POWER Кокосовый Манго, апельсин, без змж","164,99"
"Санкт-Петербург, улица Савушкина, 112А",16.05.2026,Яйцо куриное ЛЕНТА СО,"344,99"
"Санкт-Петербург, улица Савушкина, 112А",16.05.2026,"Масло сливочное ВКУСНОТЕЕВО Традиционное 82,5%, без змж","199,99"
"Санкт-Петербург, улица Савушкина, 112А",16.05.2026,"Молоко пастеризованное ДОМИК В ДЕРЕВНЕ 3,2%, без змж","149,99"
"Санкт-Петербург, улица Савушкина, 112А",16.05.2026,"Сметана ВКУСНОТЕЕВО 20%, без змж","99,99"
"Санкт-Петербург, улица Савушкина, 112А",16.05.2026,"Сметана ПРОСТОКВАШИНО 20%, без змж","97,99"
"Санкт-Петербург, улица Савушкина, 112А",16.05.2026,"Закваска для кефира VIVO, без змж, 4x0","224,99"
"Санкт-Петербург, улица Савушкина, 112А",16.05.2026,"Сливки ультрапастеризованные БОЛЬШАЯ КРУЖКА 20%, без змж","63,99"
"Санкт-Петербург, улица Савушкина, 112А",16.05.2026,"Кефир МЗ ПИСКАРЕВСКИЙ 1%, без змж","79,99"
"Санкт-Петербург, улица Савушкина, 112А",16.05.2026,"Молоко ультрапастеризованное СЕЛО ЗЕЛЕНОЕ 3,2%, без змж","89,99"
"Санкт-Петербург, улица Савушкина, 112А",16.05.2026,"Сливки ультрапастеризованные БОЛЬШАЯ КРУЖКА 20%, без змж","169,99"
"Санкт-Петербург, улица Савушкина, 112А",16.05.2026,"Биотворог для детского питания ТЕМА Классический 4,5%, без змж","32,99"
"Санкт-Петербург, улица Савушкина, 112А",16.05.2026,"Сырок творожный глазированный СВИТЛОГОРЬЕ с ванилином 26%, без змж","54,99"
"Санкт-Петербург, улица Савушкина, 112А",16.05.2026,"Ацидобифилин МЗ ПИСКАРЕВСКИЙ сладкий 2,2%, без змж","59,99"
"Санкт-Петербург, улица Савушкина, 112А",16.05.2026,"Творог зерненый МЗ ПИСКАРЕВСКИЙ со сливками 6%, без змж","69,99"
"Санкт-Петербург, улица Савушкина, 112А",16.05.2026,"Кефир МЗ ПИСКАРЕВСКИЙ 2,5%, без змж","79,99"
"Санкт-Петербург, улица Савушкина, 112А",16.05.2026,"Творог ПРОСТОКВАШИНО 5%, без змж","99,99"
"Санкт-Петербург, улица Савушкина, 112А",16.05.2026,"Молоко пастеризованное ПРОСТОКВАШИНО 1,5%, без змж","79,99"
"Санкт-Петербург, улица Савушкина, 112А",16.05.2026,Яйцо куриное СИНЯВИНСКОЕ С1 столовое,"204,99"
"Санкт-Петербург, улица Савушкина, 112А",16.05.2026,"Сметана ПРОСТОКВАШИНО 15%, без змж","89,99"
"Санкт-Петербург, улица Савушкина, 112А",16.05.2026,Яйцо куриное ЛЕНТА С1,"299,99"
"Санкт-Петербург, улица Савушкина, 112А",16.05.2026,"Сметана ДОМИК В ДЕРЕВНЕ 15%, без змж","79,99"
"Санкт-Петербург, улица Савушкина, 112А",16.05.2026,Яйцо куриное СИНЯВИНСКОЕ К завтраку С1 столовое,"104,99"
"Санкт-Петербург, улица Савушкина, 112А",16.05.2026,"Сметана БОЛЬШАЯ КРУЖКА 10%, без змж","69,99"
"Санкт-Петербург, улица Савушкина, 112А",16.05.2026,"Творог ПРОСТОКВАШИНО 2%, без змж","89,99"
"Санкт-Петербург, улица Савушкина, 112А",16.05.2026,"Продукт творожный ДАНИССИМО Браво с изысканным шоколадом 6,7%, без змж","49,99"
"Санкт-Петербург, улица Савушкина, 112А",16.05.2026,Яйцо куриное ЕШЬ ХОРОШЕЕ С1,"109,99"
"Санкт-Петербург, улица Савушкина, 112А",16.05.2026,"Масло сливочное КФХ ГЕОРГИЕВ 82,5%, без змж","399,99"
"Санкт-Петербург, улица Савушкина, 112А",16.05.2026,"Масло сливочное СЕЛО ЗЕЛЕНОЕ 82,5%, без змж","179,99"
"Санкт-Петербург, улица Савушкина, 112А",16.05.2026,"Сметана МЗ ПИСКАРЕВСКИЙ 15%, без змж","65,99"
"Санкт-Петербург, улица Савушкина, 112А",16.05.2026,"Масло сливочное ВКУСНОТЕЕВО Традиционное 82,5%, без змж","369,99"
"Санкт-Петербург, улица Савушкина, 112А",16.05.2026,"Сливки ультрапастеризованные БОЛЬШАЯ КРУЖКА 10%, без змж","109,99"
"Санкт-Петербург, улица Савушкина, 112А",16.05.2026,"Йогурт ДАНИССИМО Фантазия Хрустящие шарики в шоколаде 6,9%, без змж","69,99"
"Санкт-Петербург, улица Савушкина, 112А",16.05.2026,"Коктейль молочный ВЫБОР СЕМЬИ Шоколад 2%, без змж","119,99"
"Санкт-Петербург, улица Савушкина, 112А",16.05.2026,"Молоко пастеризованное ДОМИК В ДЕРЕВНЕ 2,5%, без змж","94,99"
"Санкт-Петербург, улица Савушкина, 112А",16.05.2026,"Масло сливочное ЭКОНИВА Традиционное 82,5%, без змж","189,99"
"Санкт-Петербург, улица Савушкина, 112А",16.05.2026,"Пирожное бисквитное KINDER Молочный ломтик с молочной начинкой, 5x28г","269,99"
"Санкт-Петербург, улица Савушкина, 112А",16.05.2026,"Сливки ультрапастеризованные БОЛЬШАЯ КРУЖКА 10%, без змж","49,99"
"Санкт-Петербург, улица Савушкина, 112А",16.05.2026,"Йогурт питьевой АКТИБИО с персиком и малиной 1,5%, без сахара, без змж","59,99"
"Санкт-Петербург, улица Савушкина, 112А",16.05.2026,"Закваска VIVO Бифивит, без змж, 4x0","224,99"
"Санкт-Петербург, улица Савушкина, 112А",16.05.2026,Яйцо куриное РОСКАР Экстра столовое СО,"404,99"
"Санкт-Петербург, улица Савушкина, 112А",16.05.2026,"Творог САВУШКИН 101 зерно Клубника 5%, без змж","61,99"
"Санкт-Петербург, улица Савушкина, 112А",16.05.2026,"Ряженка БОЛЬШАЯ КРУЖКА 4%, без змж","69,99"
"Санкт-Петербург, улица Савушкина, 112А",16.05.2026,"Кефир МЗ ПИСКАРЕВСКИЙ 2,5%, без змж","86,99"
"Санкт-Петербург, улица Савушкина, 112А",16.05.2026,"Молоко ультрапастеризованное ЭКОНИВА для питания детей с 3-х лет 3,2%, без змж","129,99"
"Санкт-Петербург, улица Савушкина, 112А",16.05.2026,"Биотворог для детского питания ТЕМА с яблоком, персиком и бананом 4%, без змж","32,99"
"Санкт-Петербург, улица Савушкина, 112А",16.05.2026,Яйцо куриное ЛЕНТА СО,"114,99"
"Санкт-Петербург, улица Савушкина, 112А",16.05.2026,"Йогурт питьевой АКТИБИО с клубникой и черникой 1,5%, без сахара, без змж","59,99"
"Санкт-Петербург, улица Савушкина, 112А",16.05.2026,"Молоко пастеризованное ЭКОМИЛК 2,5%, без змж","79,99"
"Санкт-Петербург, улица Савушкина, 112А",16.05.2026,"Сметана ПРОСТОКВАШИНО 10%, без змж","63,99"
"Санкт-Петербург, улица Савушкина, 112А",16.05.2026,"Сырок творожный глазированный ВКУСНОТЕЕВО Премиум ванильный 16%, без змж","42,99"
"Санкт-Петербург, улица Савушкина, 112А",16.05.2026,"Продукт кисломолочный ACTIMUNO Гранат 1,5%, без змж","29,99"
"Санкт-Петербург, улица Савушкина, 112А",16.05.2026,"Продукт кисломолочный ACTIMUNO Клубника 1,5%, без змж","29,99"
"Санкт-Петербург, улица Савушкина, 112А",16.05.2026,"Сметана МЗ ПИСКАРЕВСКИЙ 20%, без змж","98,99"
"Санкт-Петербург, улица Савушкина, 112А",16.05.2026,"Маршмеллоу ЗАВОД ИМЕНИ ПАСТУХОВА Манго в молочном бельгийском шоколаде, без змж","99,99"
"Санкт-Петербург, улица Савушкина, 112А",16.05.2026,"Молоко сгущенное РОГАЧЕВ цельное с сахаром 8,5%, без змж","129,99"
"Санкт-Петербург, улица Савушкина, 112А",16.05.2026,"Палочки творожные глазированные СВИТЛОГОРЬЕ с ванилью в карамельной глазури 23%, без змж","159,99"
"Санкт-Петербург, улица Савушкина, 112А",16.05.2026,"Десерт творожный ЧУДО Творожок взбитый двухслойный Клубника, земляника 4%, без змж","49,99"
"Санкт-Петербург, улица Савушкина, 112А",16.05.2026,"Сметана БРЕСТ-ЛИТОВСК 15%, без змж","84,99"
"Санкт-Петербург, улица Савушкина, 112А",16.05.2026,"Йогурт EPICA с манго и семенами чиа 5%, без змж","54,99"
"Санкт-Петербург, улица Савушкина, 112А",16.05.2026,"Биотворог для детского питания ТЕМА с клубникой и бананом 4%, без змж","32,99"
"Санкт-Петербург, улица Савушкина, 112А",16.05.2026,"Крем МЗ ПИСКАРЕВСКИЙ Сливочный сладкий 15%, без змж","84,99"
"Санкт-Петербург, улица Савушкина, 112А",16.05.2026,"Молоко пастеризованное ДОМИК В ДЕРЕВНЕ 3,2%","209,99"
"Санкт-Петербург, улица Савушкина, 112А",16.05.2026,"Пудинг молочный GRAND DESERT Шоколад 5,2%, без змж","99,99"
"Санкт-Петербург, улица Савушкина, 112А",16.05.2026,"Напиток на растительной основе VELLE Специальный Кокосовый 1,5%","179,99"
"Санкт-Петербург, улица Савушкина, 112А",16.05.2026,"Йогурт EPICA с клубникой 4,8%, без змж","54,99"
"Санкт-Петербург, улица Савушкина, 112А",16.05.2026,"Сметана ВКУСНОТЕЕВО 15%, без змж","89,99"
"Санкт-Петербург, улица Савушкина, 112А",16.05.2026,"Биотворог для детского питания ТЕМА с грушей 4%, без змж","32,99"
"Санкт-Петербург, улица Савушкина, 112А",16.05.2026,"Молоко пастеризованное ПРОСТОКВАШИНО 3,2%, без змж","149,99"
"Санкт-Петербург, улица Савушкина, 112А",16.05.2026,"Подарочный набор для мальчика PLAY ME Шоколадные шарики, без змж","159,99"
"Санкт-Петербург, улица Савушкина, 112А",16.05.2026,"Йогурт EPICA с ананасом 4,8%, без змж","54,99"
"Санкт-Петербург, улица Савушкина, 112А",16.05.2026,"Сырок творожный глазированный DELISSE Клубника на печенье 26%, без змж","39,99"
"Санкт-Петербург, улица Савушкина, 112А",16.05.2026,"Продукт творожный ДАНИССИМО с киви 5,5%, без змж","49,99"
"Санкт-Петербург, улица Савушкина, 112А",16.05.2026,"Творог ВКУСНОТЕЕВО 9%, без змж","159,99"
"Санкт-Петербург, улица Савушкина, 112А",16.05.2026,"Ряженка детская АГУША Клубника 2,9%, с 12 месяцев, без змж","44,99"
"Санкт-Петербург, улица Савушкина, 112А",16.05.2026,"Биолакт для детей ТЕМА 3,2%, без змж","39,99"
"Санкт-Петербург, улица Савушкина, 112А",16.05.2026,"Молоко ультрапастеризованное PARMALAT Edge 3,5%, без змж","134,99"
"Санкт-Петербург, улица Савушкина, 112А",16.05.2026,"Ряженка детская АГУША 3,2%, с 12 месяцев, без змж","44,99"
"Санкт-Петербург, улица Савушкина, 112А",16.05.2026,"Молоко ультрапастеризованное для детей ТЕМА 3,2%, без змж","37,99"
"Санкт-Петербург, улица Савушкина, 112А",16.05.2026,"Сметана ПРОСТОКВАШИНО 15%, без змж","58,99"
"Санкт-Петербург, улица Савушкина, 112А",16.05.2026,"Творог детский АГУША фруктовый Черника 3,9%, с 6 месяцев, без змж","39,99"
"Санкт-Петербург, улица Савушкина, 112А",16.05.2026,Яйцо куриное РОСКАР МЕГА СВ столовое,"139,99"
"Санкт-Петербург, улица Савушкина, 112А",16.05.2026,"Творог детский АГУША Первая ложка Классический 4,5%, с 6 месяцев, без змж","34,99"
"Санкт-Петербург, улица Савушкина, 112А",16.05.2026,"Сметана БРЕСТ-ЛИТОВСК 20%, без змж","99,99"
"Санкт-Петербург, улица Савушкина, 112А",16.05.2026,"Творог ЛЕНТА 5%, без змж","69,99"
"Санкт-Петербург, улица Савушкина, 112А",16.05.2026,"Сырок творожный глазированный А.РОСТАГРОКОМПЛЕКС Картошка в молочном шоколаде 20%, без змж","64,99"
"Санкт-Петербург, улица Савушкина, 112А",16.05.2026,"Йогурт ПРОСТОКВАШИНО Греческий 2%, без змж","59,99"
"Санкт-Петербург, улица Савушкина, 112А",16.05.2026,Напиток безалкогольный негазированный NAWON Манго с мякотью кокоса и пребиотиком,"97,99"
"Санкт-Петербург, улица Савушкина, 112А",16.05.2026,"Десерт творожный ЧУДО Творожок взбитый двухслойный Персик, груша 4,2%, без змж","49,99"
"Санкт-Петербург, улица Савушкина, 112А",16.05.2026,"Молоко пастеризованное СЕВЕРНОЕ МОЛОКО Вологодское 2,5%, без змж","74,99"
"Санкт-Петербург, улица Савушкина, 112А",16.05.2026,"Сырок творожный глазированный СВИТЛОГОРЬЕ с вареным сгущенным молоком 26%, без змж","54,99"
"Санкт-Петербург, улица Савушкина, 112А",16.05.2026,"Йогурт NEO Греческий 2%, без змж","74,99"
"Санкт-Петербург, улица Савушкина, 112А",16.05.2026,"Сырок творожный МЗ ПИСКАРЕВСКИЙ с изюмом 4,5%, без змж","51,99"
"Санкт-Петербург, улица Савушкина, 112А",16.05.2026,"Биолакт для детей ТЕМА без сахара 3,4%, без змж","39,99"
"Санкт-Петербург, улица Савушкина, 112А",16.05.2026,"Напиток молочный NATURA SELECTION Frappe Coffee macchiato Кофе лесной орех 2,6%, без змж","109,99"
"Санкт-Петербург, улица Савушкина, 112А",16.05.2026,"Продукт творожный ДАНИССИМО с хрустящими шариками в шоколаде 7,2%, без змж","49,99"
"Санкт-Петербург, улица Савушкина, 112А",16.05.2026,"Продукт кисломолочный ACTIMUNO Ягодный микс 1,5%, без змж","29,99"
"Санкт-Петербург, улица Савушкина, 112А",16.05.2026,Яйцо перепелиное ЛЕНТА FRESH с селеном,"139,99"
"Санкт-Петербург, улица Савушкина, 112А",16.05.2026,"Молоко сгущенное АЛЕКСЕЕВСКОЕ цельное с сахаром 8,5%, без змж ГОСТ","119,99"
"Санкт-Петербург, улица Савушкина, 112А",16.05.2026,"Коктейль молочный TEOS Pro Клубника, высокобелковый, без змж","149,99"
"Санкт-Петербург, улица Савушкина, 112А",16.05.2026,"Пудинг молочный СЕЛО ЗЕЛЕНОЕ Шоколад 3%, без змж","37,99"
"Санкт-Петербург, улица Савушкина, 112А",16.05.2026,"Масса творожная МЗ ПИСКАРЕВСКИЙ с изюмом 4,5%, без змж","114,99"
"Санкт-Петербург, улица Савушкина, 112А",16.05.2026,"Йогурт EPICA Киви и фейхоа 4,8%, без змж","54,99"
"Санкт-Петербург, улица Савушкина, 112А",16.05.2026,Пирожное бисквитное KINDER Молочный ломтик с молочной начинкой,"59,99"
"Санкт-Петербург, улица Савушкина, 112А",16.05.2026,"Молоко пастеризованное ЭКОНИВА цельное 3,3–6%, без змж","99,99"
"Санкт-Петербург, улица Савушкина, 112А",16.05.2026,"Ацидобифилин МЗ ПИСКАРЕВСКИЙ 2,5%, без змж","54,99"
"Санкт-Петербург, улица Савушкина, 112А",16.05.2026,"Продукт молокосодержащий 365 ДНЕЙ Сгущенка с сахаром 8,5% с змж","104,99"
"Санкт-Петербург, улица Савушкина, 112А",16.05.2026,"Продукт кисломолочный ACTIMUNO Черника, ежевика 1,5%, без змж","29,99"
"Санкт-Петербург, улица Савушкина, 112А",16.05.2026,"Творог ИСКРЕННЕ ВАШ 5%, без змж","79,99"
"Санкт-Петербург, улица Савушкина, 112А",16.05.2026,Белок яичный пастеризованный УДОБНОЕ ЯЙЦО,"199,99"
"Санкт-Петербург, улица Савушкина, 112А",16.05.2026,"Молоко ультрапастеризованное ДОМИК В ДЕРЕВНЕ 3,2%, без змж","109,99"
"Санкт-Петербург, улица Савушкина, 112А",16.05.2026,"Продукт кисломолочный ACTIMUNO Вишня, черешня 1,5%, без змж","29,99"
"Санкт-Петербург, улица Савушкина, 112А",16.05.2026,"Творог СВЕЖЕЕ ЗАВТРА 5%, без змж","169,99"
"Санкт-Петербург, улица Савушкина, 112А",16.05.2026,"Творог АНФИСКИНО 9%, без змж","69,99"
"Санкт-Петербург, улица Савушкина, 112А",16.05.2026,"Творог детский АГУША Яблоко, банан фруктовый 3,9%, с 6 месяцев, без змж","39,99"
"Санкт-Петербург, улица Савушкина, 112А",16.05.2026,"Коктейль молочный ВЫБОР СЕМЬИ Ваниль 2%, без змж","119,99"
"Санкт-Петербург, улица Савушкина, 112А",16.05.2026,"Биойогурт АКТИБИО Вишня 2,9%, без змж","41,99"
"Санкт-Петербург, улица Савушкина, 112А",16.05.2026,"Ряженка СТОЛЫПИНСКАЯ ФЕРМА 3,2%, без змж","179,99"
"Санкт-Петербург, улица Савушкина, 112А",16.05.2026,"Творог ВЫБОР СЕМЬИ 5%, без змж","64,99"
"Санкт-Петербург, улица Савушкина, 112А",16.05.2026,Яйцо куриное OMEGGA3 CО,"149,99"
"Санкт-Петербург, улица Савушкина, 112А",16.05.2026,"Продукт творожный ДАНИССИМО Мороженое, грецкий орех, карамель 6,1%, без змж","49,99"
"Санкт-Петербург, улица Савушкина, 112А",16.05.2026,"Йогурт EPICA с вишней и черешней 4,8%, без змж","54,99"
"Санкт-Петербург, улица Савушкина, 112А",16.05.2026,"Молоко ультрапастеризованное БОЛЬШАЯ КРУЖКА 2,5%, без змж","94,99"
"Санкт-Петербург, улица Савушкина, 112А",16.05.2026,Сгущенка овсяная SAMUI,"219,99"
"Санкт-Петербург, улица Савушкина, 112А",16.05.2026,"Биоpяженка МЗ ПИСКАРЕВСКИЙ 4%, без змж","62,99"
"Санкт-Петербург, улица Савушкина, 112А",16.05.2026,"Йогурт термостатный ПРОСТОКВАШИНО с черникой 3,4%, без змж","39,99"
"Санкт-Петербург, улица Савушкина, 112А",16.05.2026,"Молоко сгущенное АЛЕКСЕЕВСКОЕ цельное с сахаром 8,5%, без змж ГОСТ","219,99"
"Санкт-Петербург, улица Савушкина, 112А",16.05.2026,"Творог мягкий ПРОСТОКВАШИНО 5%, без змж","39,99"
"Санкт-Петербург, улица Савушкина, 112А",16.05.2026,"Биойогурт АКТИБИО Натуральный 3,5%, без змж","41,99"
"Санкт-Петербург, улица Савушкина, 112А",16.05.2026,"Йогурт ПРОСТОКВАШИНО с вишней и черешней 2,9%, без змж","29,99"
"Санкт-Петербург, улица Савушкина, 112А",16.05.2026,"Творог мягкий САВУШКИН Нежный 5%, без змж","42,99"
"Санкт-Петербург, улица Савушкина, 112А",16.05.2026,"Сметана СЕВЕРНОЕ МОЛОКО Вологодская 15%, без змж","124,99"
"Санкт-Петербург, улица Савушкина, 112А",16.05.2026,"Творог DANKE безлактозный 5%, без змж","169,99"
"Санкт-Петербург, улица Савушкина, 112А",16.05.2026,"Творог детский АГУША Груша фруктовый 3,9%, с 6 месяцев, без змж","39,99"
"Санкт-Петербург, улица Савушкина, 112А",16.05.2026,"Йогурт ПРОСТОКВАШИНО с клубникой 2,9%, без змж","29,99"
"Санкт-Петербург, улица Савушкина, 112А",16.05.2026,Сок охлажденный J7 Fresh Taste Апельсин,"239,99"
"Санкт-Петербург, улица Савушкина, 112А",16.05.2026,"Творог детский АГУША фруктовый с клубникой 3,9%, с 6 месяцев, без змж","39,99"
"Санкт-Петербург, улица Савушкина, 112А",16.05.2026,"Биотворог для детского питания ТЕМА с бананом 4%, без змж","32,99"
"Санкт-Петербург, улица Савушкина, 112А",16.05.2026,"Сырок творожный глазированный СВИТЛОГОРЬЕ с кокосовой стружкой в белой глазури 23%, без змж","54,99"
"Санкт-Петербург, улица Савушкина, 112А",16.05.2026,"Творожок САВУШКИН Чизкейк 3,5%, без змж","49,99"
"Санкт-Петербург, улица Савушкина, 112А",16.05.2026,"Кефир БОЛЬШАЯ КРУЖКА 2,5%, без змж","64,99"
"Санкт-Петербург, улица Савушкина, 112А",16.05.2026,"Творог СВЕЖЕЕ ЗАВТРА 5%, без змж","79,99"
"Санкт-Петербург, улица Савушкина, 112А",16.05.2026,"Творожок САВУШКИН Черника 3,5%, без змж","49,99"
"Санкт-Петербург, улица Савушкина, 112А",16.05.2026,"Творог СЕЛО ЗЕЛЕНОЕ 5%, без змж","94,99"
"Санкт-Петербург, улица Савушкина, 112А",16.05.2026,"Творог 365 ДНЕЙ 5%, без змж","40,99"
"Санкт-Петербург, улица Савушкина, 112А",16.05.2026,"Пудинг СЕЛО ЗЕЛЕНОЕ Ваниль 3%, без змж","37,99"
"Санкт-Петербург, улица Савушкина, 112А",16.05.2026,Яйцо куриное ЛЕНТА FRESH XXL СВ,"134,99"
"Санкт-Петербург, улица Савушкина, 112А",16.05.2026,"Сметана РЕЗНОЙ ПАЛИСАД 15%, без змж","79,99"
"Санкт-Петербург, улица Савушкина, 112А",16.05.2026,"Сырники творожные ГАРМОНИЯ, без змж","94,99"
"Санкт-Петербург, улица Савушкина, 112А",16.05.2026,"Трубочка для молока МУМИ Вечерний микс, без змж","59,99"
"Санкт-Петербург, улица Савушкина, 112А",16.05.2026,Яйцо куриное РОСКАР деревенское С1,"234,99"
"Санкт-Петербург, улица Савушкина, 112А",16.05.2026,"Йогурт питьевой детский АГУША Клубника, банан 2,7%, с 8 месяцев, без змж","42,99"
"Санкт-Петербург, улица Савушкина, 112А",16.05.2026,"Йогурт питьевой детский АГУША Черника, брусника, клюква 2,7%, с 8 месяцев, без змж","42,99"
"Санкт-Петербург, улица Савушкина, 112А",16.05.2026,"Йогурт EPICA Crispy Фисташки, семена подсолнечника, темный шоколад 10,5%, без змж","74,99"
"Санкт-Петербург, улица Савушкина, 112А",16.05.2026,"Напиток кисломолочный EXPONENTA High-pro Черника, земляника обезжиренный с высоким содержанием белка, без змж","154,99"
"Санкт-Петербург, улица Савушкина, 112А",16.05.2026,"Сырок творожный глазированный СВИТЛОГОРЬЕ Золотая ириска в карамельной глазури 23%, без змж","164,99"
"Санкт-Петербург, улица Савушкина, 112А",16.05.2026,"Биойогурт АКТИБИО Киви, мюсли 3%, без змж","41,99"
"Санкт-Петербург, улица Савушкина, 112А",16.05.2026,"Йогурт VIOLA Very Berry с вишней 2,6%, без змж","74,99"
"Санкт-Петербург, улица Савушкина, 112А",16.05.2026,"Напиток овсяный NEMOLOKO Классический, обогащенный витаминами и минеральными веществами","93,99"
"Санкт-Петербург, улица Савушкина, 112А",16.05.2026,"Ряженка ЛЕНТА 3,2%, без змж","104,99"
"Санкт-Петербург, улица Савушкина, 112А",16.05.2026,"Творог BONVIDA 5%, без змж","299,99"
"Санкт-Петербург, улица Савушкина, 112А",16.05.2026,"Сливки ультрапастеризованные 365 ДНЕЙ 10%, без змж","39,99"
"Санкт-Петербург, улица Савушкина, 112А",16.05.2026,"Масло сладкосливочное ЛЕНТА 82,5% высший сорт, без змж","189,99"
"Санкт-Петербург, улица Савушкина, 112А",16.05.2026,"Творог СЕЛО ЗЕЛЕНОЕ обезжиренный, без змж","219,99"
"Санкт-Петербург, улица Савушкина, 112А",16.05.2026,Яйцо куриное СИНЯВИНСКОЕ С1 столовое,"304,99"
"Санкт-Петербург, улица Савушкина, 112А",16.05.2026,"Йогурт термостатный ПРОСТОКВАШИНО с персиком 3,4%, без змж","39,99"
"Санкт-Петербург, улица Савушкина, 112А",16.05.2026,"Йогурт ACTIVE LIFE Йогуртная заправка 2,8%, без змж","109,99"
"Санкт-Петербург, улица Савушкина, 112А",16.05.2026,"Напиток ЭКОНАД на основе молочной сыворотки с натуральным экстрактом липы, среднегазированный","89,99"
"Санкт-Петербург, улица Савушкина, 112А",16.05.2026,"Масло сладкосливочное ЭКОМИЛК Традиционное 82,5%, высший сорт, без змж","329,99"
"Санкт-Петербург, улица Савушкина, 112А",16.05.2026,"Сырок творожный глазированный DELISSE с вареной сгущенкой и печеньем 26%, без змж","39,99"
"Санкт-Петербург, улица Савушкина, 112А",16.05.2026,"Молоко пастеризованное СВЕЖЕЕ ЗАВТРА 2,5%, без змж","64,99"
"Санкт-Петербург, улица Савушкина, 112А",16.05.2026,"Молоко ультрапастеризованное 365 ДНЕЙ 2,5%, без змж","74,99"
"Санкт-Петербург, улица Савушкина, 112А",16.05.2026,"Напиток безалкогольный ЭКОНАД Стройность, на молочной сыворотке с натуральным экстрактом Саган Дайля","119,99"
"Санкт-Петербург, улица Савушкина, 112А",16.05.2026,"Молоко пастеризованное ДОМИК В ДЕРЕВНЕ 3,2%, без змж","104,99"
"Санкт-Петербург, улица Савушкина, 112А",16.05.2026,"Йогурт ДАНИССИМО Фантазия Хрустящие шарики со вкусом шоколада и клубники 6,9%, без змж","69,99"
"Санкт-Петербург, улица Савушкина, 112А",16.05.2026,"Кефир МЗ ПИСКАРЕВСКИЙ 2,5%, без змж","57,99"
"Санкт-Петербург, улица Савушкина, 112А",16.05.2026,"Йогурт VIOLA Very Berry с персиком 2,6%, без змж","74,99"
"Санкт-Петербург, улица Савушкина, 112А",16.05.2026,"Йогурт питьевой EPICA с клубникой и маракуйей 2,5%, без змж","54,99"
"Санкт-Петербург, улица Савушкина, 112А",16.05.2026,"Йогурт EPICA с персиком и маракуйей 4,8%, без змж","54,99"
"Санкт-Петербург, улица Савушкина, 112А",16.05.2026,"Кефир ЖИВОЙ ПРОДУКТ обогащенный витаминами и минералами, с асептическим розливом 2,5%, без змж","119,99"
"Санкт-Петербург, улица Савушкина, 112А",16.05.2026,Маргарин СЛИВОЧНИК Сливочный 30%,"53,99"
"Санкт-Петербург, улица Савушкина, 112А",16.05.2026,"Масло сливочное ПРОСТОКВАШИНО 72,5%, без змж","169,99"
"Санкт-Петербург, улица Савушкина, 112А",16.05.2026,"Биойогурт питьевой АКТИБИО Клубника, земляника 1,5%, без змж","49,99"
"Санкт-Петербург, улица Савушкина, 112А",16.05.2026,"Биойогурт питьевой АКТИБИО Злаки 1,6%, без змж","49,99"
"Санкт-Петербург, улица Савушкина, 112А",16.05.2026,"Творог ВКУСНОТЕЕВО 9%, без змж","329,99"
"Санкт-Петербург, улица Савушкина, 112А",16.05.2026,"Сливки для взбивания КЛЕВЕР 35%, без змж","269,99"
"Санкт-Петербург, улица Савушкина, 112А",16.05.2026,"Йогурт САВУШКИН Лесные ягоды 2%, без змж","31,99"
"Санкт-Петербург, улица Савушкина, 112А",16.05.2026,"Напиток йогуртный питьевой EHRMANN Эрмигурт с лесными ягодами 1,2%, без змж","61,99"
"Санкт-Петербург, улица Савушкина, 112А",16.05.2026,"Йогурт питьевой EPICA с манго 2,5%, без змж","54,99"
"Санкт-Петербург, улица Савушкина, 112А",16.05.2026,"Йогурт питьевой EPICA с вишней и бананом 2,5%, без змж","54,99"
"Санкт-Петербург, улица Савушкина, 112А",16.05.2026,"Продукт из творога 365 ДНЕЙ несладкий 24%, с змж","49,99"
"Санкт-Петербург, улица Савушкина, 112А",16.05.2026,"Продукт творожный ДАНИССИМО со вкусом мороженого, клубничный крем-брюле 5,7%, без змж","49,99"
"Санкт-Петербург, улица Савушкина, 112А",16.05.2026,"Йогурт LAPLANDIA Сливочный с малиной и сыром маскарпоне 7,2%, без змж","74,99"
"Санкт-Петербург, улица Савушкина, 112А",16.05.2026,"Сметана ПРОСТОКВАШИНО 20%, без змж","66,99"
"Санкт-Петербург, улица Савушкина, 112А",16.05.2026,"Сметана ДОМИК В ДЕРЕВНЕ 25%, без змж","109,99"
"Санкт-Петербург, улица Савушкина, 112А",16.05.2026,"Творог рассыпчатый ИСКРЕННЕ ВАШ 9%, без змж","209,99"
"Санкт-Петербург, улица Савушкина, 112А",16.05.2026,"Йогурт LAPLANDIA Сливочный со вкусом крем-брюле 7%, без змж","74,99"
"Санкт-Петербург, улица Савушкина, 112А",16.05.2026,"Масло сливочное РЭП 82,5% ГОСТ, без змж","189,99"
"Санкт-Петербург, улица Савушкина, 112А",16.05.2026,"Молоко ультрапастеризованное PARMALAT Comfort безлактозное 3,5%, без змж","159,99"
"Санкт-Петербург, улица Савушкина, 112А",16.05.2026,"Ряженка ДОМИК В ДЕРЕВНЕ 2,5% из топленого молока, без змж","44,99"
"Санкт-Петербург, улица Савушкина, 112А",16.05.2026,"Йогурт КОЛОМЕНСКИЙ Черника, малина и манго 5%, без змж","69,99"
"Санкт-Петербург, улица Савушкина, 112А",16.05.2026,"Сырок творожный глазированный СВИТЛОГОРЬЕ с наполнителем черника в белой глазури 16%, без змж","41,99"
"Санкт-Петербург, улица Савушкина, 112А",16.05.2026,"Сливки стерилизованные BONVIDA 10% порционные, без змж, 10x10г","49,99"
"Санкт-Петербург, улица Савушкина, 112А",16.05.2026,"Напиток овсяный ОВСЯША обогащенный витаминами и минеральными веществами 3,2%","24,99"
"Санкт-Петербург, улица Савушкина, 112А",16.05.2026,"Десерт творожный ЧУДО Творожок взбитый Малина, ежевика двухслойный 4,2%, без змж","49,99"
"Санкт-Петербург, улица Савушкина, 112А",16.05.2026,"Десерт творожный ЧУДО Творожок взбитый двухслойный Вишня, черешня 4%, без змж","49,99"
"Санкт-Петербург, улица Савушкина, 112А",16.05.2026,"Сырок глазированный ЧУДО со вкусом шоколада 25,6%, без змж","46,99"
"Санкт-Петербург, улица Савушкина, 112А",16.05.2026,"Ряженка БОЛЬШАЯ КРУЖКА 4%, без змж","129,99"
"Санкт-Петербург, улица Савушкина, 112А",16.05.2026,"Творог мягкий МИНСКАЯ МАРКА 4%, без змж","119,99"
"Санкт-Петербург, улица Савушкина, 112А",16.05.2026,"Сметана ПРОСТОКВАШИНО 25%, без змж","119,99"
"Санкт-Петербург, улица Савушкина, 112А",16.05.2026,"Йогурт EPICA с гранатом и малиной 4,8%, без змж","54,99"
"Санкт-Петербург, улица Савушкина, 112А",16.05.2026,"Творог детский АГУША Злаки 3,9%, с 6 месяцев, без змж","39,99"
"Санкт-Петербург, улица Савушкина, 112А",16.05.2026,"Паста творожная САВУШКИН Груша, банан 3,5%, без змж","49,99"
"Санкт-Петербург, улица Савушкина, 112А",16.05.2026,"Биопродукт кефирный BIOБАЛАНС 1%, без змж","124,99"
"Санкт-Петербург, улица Савушкина, 112А",16.05.2026,"Йогурт VIOLA Very Berry с клубникой 2,6%, без змж","74,99"
"Санкт-Петербург, улица Савушкина, 112А",16.05.2026,"Йогурт LACTICA Греческий Натуральный 4%, без змж","59,99"
"Санкт-Петербург, улица Савушкина, 112А",16.05.2026,"Молоко ультрапастеризованное ЛЕНТА LIFE низколактозное 1,8%, без змж","112,99"
"Санкт-Петербург, улица Савушкина, 112А",16.05.2026,"Йогурт питьевой VIOLA Clean Label с клубникой 0,8%, без змж","64,99"
"Санкт-Петербург, улица Савушкина, 112А",16.05.2026,"Йогурт NEO Греческий Клубника 1,7%, без змж","69,99"
"Санкт-Петербург, улица Савушкина, 112А",16.05.2026,"Сливки ультрапастеризованные VIOLA 20%, без змж","89,99"
"Санкт-Петербург, улица Савушкина, 112А",16.05.2026,"Йогурт ПРОСТОКВАШИНО с персиком 2,9%, без змж","29,99"
"Санкт-Петербург, улица Савушкина, 112А",16.05.2026,"Йогурт питьевой СТОЛЫПИНСКАЯ ФЕРМА со злаками 2,5%, без змж","99,99"
"Санкт-Петербург, улица Савушкина, 112А",16.05.2026,"Напиток сывороточный МАЖИТЭЛЬ J7 Ананас, манго, без змж","109,99"
"Санкт-Петербург, улица Савушкина, 112А",16.05.2026,"Пудинг GRAND DESERT Соленая карамель со сливочным муссом 4,7%, без змж","99,99"
"Санкт-Петербург, улица Савушкина, 112А",16.05.2026,"Творог мягкий ДОМИК В ДЕРЕВНЕ 5%, без змж","49,99"
"Санкт-Петербург, улица Савушкина, 112А",16.05.2026,"Биойогурт питьевой АКТИБИО Клубника, земляника 1,5%, без змж","139,99"
"Санкт-Петербург, улица Савушкина, 112А",16.05.2026,Пирожное бисквитное KINDER Pingui Шоколад с молочной начинкой,"69,99"
"Санкт-Петербург, улица Савушкина, 112А",16.05.2026,"Творожок ПРОСТОКВАШИНО Малина 3,6%, без змж","37,99"
"Санкт-Петербург, улица Савушкина, 112А",16.05.2026,"Сливки ультрапастеризованные КЛЕВЕР 10%, без змж","129,99"
"Санкт-Петербург, улица Савушкина, 112А",16.05.2026,"Биойогурт питьевой АКТИБИО Натуральный 1,8%, без змж","139,99"
"Санкт-Петербург, улица Савушкина, 112А",16.05.2026,"Творог рассыпчатый ИСКРЕННЕ ВАШ 5%, без змж","199,99"
"Санкт-Петербург, улица Савушкина, 112А",16.05.2026,"Биойогурт детский ТЕМА Малина 2,5%, без змж","44,99"
"Санкт-Петербург, улица Савушкина, 112А",16.05.2026,"Творожок ПРОСТОКВАШИНО с вишней и бананом 3,6%, без змж","37,99"
"Санкт-Петербург, улица Савушкина, 112А",16.05.2026,"Напиток на растительной основе VELLE Специальный Миндальный 1,5%","204,99"
"Санкт-Петербург, улица Савушкина, 112А",16.05.2026,"Йогурт МОЛОЧНАЯ КУЛЬТУРА с вишней, черешней с гранолой 2,7–3,5%, без змж","83,99"
"Санкт-Петербург, улица Савушкина, 112А",16.05.2026,"Йогурт МОЛОЧНАЯ КУЛЬТУРА с лесными ягодами с гранолой и изюмом 2,7–3,5%, без змж","83,99"
"Санкт-Петербург, улица Савушкина, 112А",16.05.2026,"Йогурт VIOLA Free Греческий безлактозный с малиной и мятой 3%, без змж","79,99"
"Санкт-Петербург, улица Савушкина, 112А",16.05.2026,"Сырок глазированный ВЫБОР СЕМЬИ Картошка 16%, без змж","19,99"
"Санкт-Петербург, улица Савушкина, 112А",16.05.2026,"Масло сливочное ЛЕНТА LIFE безлактозное 82,5%, без змж","209,99"
"Санкт-Петербург, улица Савушкина, 112А",16.05.2026,"Йогурт питьевой ФРУАТЕ Черника, ежевика 1,5%, без змж","124,99"
"Санкт-Петербург, улица Савушкина, 112А",16.05.2026,"Закваска САМОКВАШИНО Биокефир Домашний, без змж","43,99"
"Санкт-Петербург, улица Савушкина, 112А",16.05.2026,"Масло сладкосливочное БРЕСТ-ЛИТОВСК Сливочное несоленое 82,5%, без змж","134,99"
"Санкт-Петербург, улица Савушкина, 112А",16.05.2026,"Масло сладкосливочное ЗЕЛЕНА-БУРЕНА несоленое 82,5%, без змж","179,99"
"Санкт-Петербург, улица Савушкина, 112А",16.05.2026,"Напиток кисломолочный ФРУГУРТ со вкусом персика 1%, без змж","109,99"
"Санкт-Петербург, улица Савушкина, 112А",16.05.2026,"Йогурт NEO Греческий Персик 1,7%, без змж","69,99"
"Санкт-Петербург, улица Савушкина, 112А",16.05.2026,"Творог рассыпчатый BONVIDA 9%, без змж","229,99"
"Санкт-Петербург, улица Савушкина, 112А",16.05.2026,"Йогурт LAPLANDIA Сливочный со вкусом фисташки 7,1%, без змж","74,99"
"Санкт-Петербург, улица Савушкина, 112А",16.05.2026,"Кефир СЕВЕРНОЕ МОЛОКО Вологодский 1%, без змж","69,99"
"Санкт-Петербург, улица Савушкина, 112А",16.05.2026,"Биойогурт АКТИБИО Клубника 2,9%, без змж","41,99"
"Санкт-Петербург, улица Савушкина, 112А",16.05.2026,"Йогурт РАСТИШКА Клубника злаковые драже со вкусом банан, апельсин 3%, без змж","51,99"
"Санкт-Петербург, улица Савушкина, 112А",16.05.2026,"Йогурт питьевой ЧУДО Клубника, земляника 1,9%, без змж","59,99"
"Санкт-Петербург, улица Савушкина, 112А",16.05.2026,"Масло сливочное ЕЛМАЙ Традиционное 82,5% Халяль, без змж","179,99"
"Санкт-Петербург, улица Савушкина, 112А",16.05.2026,"Сметана ДОМИК В ДЕРЕВНЕ 15%, без змж","129,99"
"Санкт-Петербург, улица Савушкина, 112А",16.05.2026,"Йогурт VIOLA Free Греческий безлактозный с черной смородиной и базиликом 3%, без змж","79,99"
"Санкт-Петербург, улица Савушкина, 112А",16.05.2026,"Творог рассыпчатый ПРОСТОКВАШИНО 5%, без змж","219,99"
"Санкт-Петербург, улица Савушкина, 112А",16.05.2026,"Йогурт VIOLA Мятное мороженое, без сахара, безлактозный 2,7%, без змж","84,99"
"Санкт-Петербург, улица Савушкина, 112А",16.05.2026,"Сливки ультрапастеризованные ВКУСНОТЕЕВО 20%, без змж","69,99"
"Санкт-Петербург, улица Савушкина, 112А",16.05.2026,"Йогурт LAPLANDIA Сливочный с наполнителем лимонный пирог 7,1%, без змж","74,99"
"Санкт-Петербург, улица Савушкина, 112А",16.05.2026,"Творог для детей РАСТИШКА Клубника, банан/Пломбир 3,5%, без змж, 6x45г","89,99"
"Санкт-Петербург, улица Савушкина, 112А",16.05.2026,Желе плодово-ягодное DELISSE Вишня в желе,"64,99"
"Санкт-Петербург, улица Савушкина, 112А",16.05.2026,"Йогурт КОЛОМЕНСКИЙ Земляника 5%, без змж","69,99"
"Санкт-Петербург, улица Савушкина, 112А",16.05.2026,Яйцо куриное ПРАКСИС СО,"194,99"
"Санкт-Петербург, улица Савушкина, 112А",16.05.2026,"Йогурт питьевой детский ФРУТОНЯНЯ Клубника, банан 2,5%, с 8 месяцев, без змж","49,99"
"Санкт-Петербург, улица Савушкина, 112А",16.05.2026,"Продукт высокобелковый кисломолочный EXPONENTA High-Pro Манго, маракуйя, без змж","114,99"
"Санкт-Петербург, улица Савушкина, 112А",16.05.2026,"Молоко ультрапастеризованное 1М МОЛОЧНЫЙ 3,2%, без змж","74,99"
"Санкт-Петербург, улица Савушкина, 112А",16.05.2026,"Напиток молочный кофейный NATURA SELECTION Cappuccino 2,4%, без змж","149,99"
"Санкт-Петербург, улица Савушкина, 112А",16.05.2026,"Молоко ультрапастеризованное ВОЛШЕБНАЯ ДОЛИНА 3,2%, без змж","28,99"
"Санкт-Петербург, улица Савушкина, 112А",16.05.2026,"Молоко сгущенное ЛЕНТА 8,5%, без змж","199,99"
"Санкт-Петербург, улица Савушкина, 112А",16.05.2026,"Йогурт VIOLA Very Berry с манго 2,6%, без змж","74,99"
"Санкт-Петербург, улица Савушкина, 112А",16.05.2026,"Десерт творожный ДАНИССИМО со вкусом пломбира 5,4%, без змж","49,99"
"Санкт-Петербург, улица Савушкина, 112А",16.05.2026,"Молоко ультрапастеризованное СЕВЕРНАЯ ДОЛИНА 3,2%, без змж","84,99"
"Санкт-Петербург, улица Савушкина, 112А",16.05.2026,"Йогурт питьевой ФРУАТЕ Клубника, киви 1,5%, без змж","124,99"
"Санкт-Петербург, улица Савушкина, 112А",16.05.2026,Яйцо куриное OMEGGA3 C2,"119,99"
"Санкт-Петербург, улица Савушкина, 112А",16.05.2026,"Сырок творожный глазированный СВИТЛОГОРЬЕ с апельсином в кондитерской глазури 23%, без змж","54,99"
"Санкт-Петербург, улица Савушкина, 112А",16.05.2026,"Продукт творожный ДАНИССИМО Тропическое манго и маракуйя 5,6%, без змж","49,99"
"Санкт-Петербург, улица Савушкина, 112А",16.05.2026,"Молоко ультрапастеризованное 365 ДНЕЙ 3,2%, без змж","79,99"
"Санкт-Петербург, улица Савушкина, 112А",16.05.2026,"Молоко ультрапастеризованное ДОМИК В ДЕРЕВНЕ 2,5%, без змж","104,99"
"Санкт-Петербург, улица Савушкина, 112А",16.05.2026,"Творог СВЕЖЕЕ ЗАВТРА обезжиренный 1,8%, без змж","159,99"
"Санкт-Петербург, улица Савушкина, 112А",16.05.2026,"Напиток растительный PLANTO Миндальный без сахара 1,2%","179,99"
"Санкт-Петербург, улица Савушкина, 112А",16.05.2026,"Продукт высокобелковый кисломолочный EXPONENTA High-Pro Черника, малина, без змж","114,99"
"Санкт-Петербург, улица Савушкина, 112А",16.05.2026,"Масло сливочное LABAS RYTAS Традиционное 82,5%, без змж","474,99"
"Санкт-Петербург, улица Савушкина, 112А",16.05.2026,"Напиток кисломолочный ФРУГУРТ со вкусом клубники 1%, без змж","109,99"
"Санкт-Петербург, улица Савушкина, 112А",16.05.2026,"Напиток растительный PLANTO Barista Кокосовый с соей 1,3%","179,99"
"Санкт-Петербург, улица Савушкина, 112А",16.05.2026,"Напиток кисломолочный EXPONENTA High-pro Клубника, арбуз обезжиренный с высоким содержанием белка, без змж","154,99"
"Санкт-Петербург, улица Савушкина, 112А",16.05.2026,"Йогурт МОЛОЧНАЯ КУЛЬТУРА с голубикой и ежевикой с гранолой и изюмом 2,7–3,5%, без змж","83,99"
"Санкт-Петербург, улица Савушкина, 112А",16.05.2026,Напиток растительный пастеризованный TAKE A BITE Рисовый с кокосом,"209,99"
"Санкт-Петербург, улица Савушкина, 112А",16.05.2026,"Кефир БОЛЬШАЯ КРУЖКА 2,5%, без змж","99,99"
"Санкт-Петербург, улица Савушкина, 112А",16.05.2026,"Сырок творожный глазированный А.РОСТАГРОКОМПЛЕКС Суфле с ванилью в молочном шоколаде 15%, без змж","64,99"
"Санкт-Петербург, улица Савушкина, 112А",16.05.2026,"Масло сливочное ПРОСТОКВАШИНО 82% высший сорт, без змж","189,99"
"Санкт-Петербург, улица Савушкина, 112А",16.05.2026,"Коктейль молочный TEOS Pro Шоколад, высокобелковый, без змж","149,99"
"Санкт-Петербург, улица Савушкина, 112А",16.05.2026,"Творог МАМА ЛАМА с персиком и грушей 3,8%, без змж","34,99"
"Санкт-Петербург, улица Савушкина, 112А",16.05.2026,"Молоко ультрапастеризованное детское АГУША 3,2%, с 3 лет, без змж","124,99"
"Санкт-Петербург, улица Савушкина, 112А",16.05.2026,"Снежок СЕВЕРНОЕ МОЛОКО сладкий 2,5%, без змж","51,99"
"Санкт-Петербург, улица Савушкина, 112А",16.05.2026,"Йогурт САВУШКИН с фруктовым наполнителем персик, манго 2%, без змж","29,99"
"Санкт-Петербург, улица Савушкина, 112А",16.05.2026,"Сливки ультрапастеризованные BONVIDA 10%, без змж","209,99"
"Санкт-Петербург, улица Савушкина, 112А",16.05.2026,"Творог СВЕЖЕЕ ЗАВТРА 1,8%, без змж","89,99"
"Санкт-Петербург, улица Савушкина, 112А",16.05.2026,"Биокефир БОЛЬШАЯ КРУЖКА 1%, без змж","59,99"
"Санкт-Петербург, улица Савушкина, 112А",16.05.2026,"Йогурт питьевой РАСТИШКА Шейк Клубничный пломбир 2,8%, без змж","74,99"
"Санкт-Петербург, улица Савушкина, 112А",16.05.2026,"Сырок творожный глазированный РОСТАГРОЭКСПОРТ с ванилью в молочном шоколаде 15%, без змж","60,99"
"Санкт-Петербург, улица Савушкина, 112А",16.05.2026,"Йогурт LAPLANDIA Сливочный с наполнителем Клубника, бисквит 7,1%, без змж","74,99"
"Санкт-Петербург, улица Савушкина, 112А",16.05.2026,"Йогурт АКТИБИО с малиной 3%, без лактозы без змж","54,99"
"Санкт-Петербург, улица Савушкина, 112А",16.05.2026,"Сырок творожный глазированный А.РОСТАГРОКОМПЛЕКС с ванилью в белом шоколаде 26%, без змж","64,99"
"Санкт-Петербург, улица Савушкина, 112А",16.05.2026,"Пирожное бисквитное KINDER Pingui Шоколад с молочной начинкой, 4x30г","254,99"
"Санкт-Петербург, улица Савушкина, 112А",16.05.2026,"Сырок творожный глазированный СВИТЛОГОРЬЕ Ванильный в карамельной глазури 23%, без змж","54,99"
"Санкт-Петербург, улица Савушкина, 112А",16.05.2026,"Творог КФХ ГЕОРГИЕВ 12%, без змж","244,99"
"Санкт-Петербург, улица Савушкина, 112А",16.05.2026,"Творог детский АГУША Малина, черника фруктовый 4%, с 6 месяцев, без змж","39,99"
"Санкт-Петербург, улица Савушкина, 112А",16.05.2026,"Десерт молочный ЗАВОД ИМЕНИ ПАСТУХОВА с шоколадным бисквитом в молочном бельгийском шоколаде, без змж","119,99"
"Санкт-Петербург, улица Савушкина, 112А",16.05.2026,"Молоко сгущенное РОГАЧЕВЪ цельное с сахаром 8,5%","239,99"
"Санкт-Петербург, улица Савушкина, 112А",16.05.2026,"Йогурт LAPLANDIA Сливочный с наполнителем черничный маффин 7,2%, без змж","74,99"
"Санкт-Петербург, улица Савушкина, 112А",16.05.2026,"Биойогурт АКТИБИО Отруби, злаки 2,9%, без змж","62,99"
"Санкт-Петербург, улица Савушкина, 112А",16.05.2026,"Масло кислосливочное PRESIDENT несоленое 82%, без змж","209,99"
"Санкт-Петербург, улица Савушкина, 112А",16.05.2026,"Сметана ПРОСТОКВАШИНО безлактозная 15%, без змж","89,99"
"Санкт-Петербург, улица Савушкина, 112А",16.05.2026,"Сырок творожный глазированный САВУШКИН Ваниль 23%, без змж","33,99"
"Санкт-Петербург, улица Савушкина, 112А",16.05.2026,"Йогурт питьевой детский АГУША Яблоко, груша 2,7%, с 8 месяцев, без змж","42,99"
"Санкт-Петербург, улица Савушкина, 112А",16.05.2026,"Напиток кисломолочный EXPONENTA HIGH-PRO Малина, банан, обезжиренное, без змж","154,99"
"Санкт-Петербург, улица Савушкина, 112А",16.05.2026,"Йогурт питьевой ЛОСЕВО с сиропом из сосновых шишек 2,5%, без змж","99,99"
"Санкт-Петербург, улица Савушкина, 112А",16.05.2026,"Творог КФХ ГЕОРГИЕВ 9%, без змж","279,99"
"Санкт-Петербург, улица Савушкина, 112А",16.05.2026,"Ряженка ПРОСТОКВАШИНО 3,2%, без змж","119,99"
"Санкт-Петербург, улица Савушкина, 112А",16.05.2026,Вафля KINDER Maxi King с молочно-карамельной начинкой в молочном шоколаде с дроблеными лесными орехами,"94,99"
"Санкт-Петербург, улица Савушкина, 112А",16.05.2026,"Йогурт АКТИБИО с клубникой и черникой, без сахара 3%, без змж","44,99"
"Санкт-Петербург, улица Савушкина, 112А",16.05.2026,"Молоко пастеризованное БУРЕНКИНО 3,2%, без змж","44,99"
"Санкт-Петербург, улица Савушкина, 112А",16.05.2026,"Сырок творожный глазированный А.РОСТАГРОКОМПЛЕКС с сыром Горгонзола и груша в молочном шоколаде 24%, без змж","64,99"
"Санкт-Петербург, улица Савушкина, 112А",16.05.2026,"Трубочка для молока МИ-МИ-МИШКИ Фруктовый микс, без змж","50,99"
"Санкт-Петербург, улица Савушкина, 112А",16.05.2026,"Йогурт АКТИБИО с голубикой и ежевикой 3%, без лактозы, без змж","54,99"
"Санкт-Петербург, улица Савушкина, 112А",16.05.2026,"Десерт творожный ЧУДО Творожок взбитый двухслойный Вишня 4,2%, без змж","49,99"
"Санкт-Петербург, улица Савушкина, 112А",16.05.2026,"Творог СЕЛО ЗЕЛЕНОЕ 9%, без змж","239,99"
"Санкт-Петербург, улица Савушкина, 112А",16.05.2026,"Йогурт ФРУГУРТ Персик, маракуйя 2%, без змж","59,99"
"Санкт-Петербург, улица Савушкина, 112А",16.05.2026,"Ряженка БОЛЬШАЯ КРУЖКА Печеное яблоко 3,5%, без змж","59,99"
"Санкт-Петербург, улица Савушкина, 112А",16.05.2026,"Коктейль молочный ЧУДО Шоколадный 2%, без змж","149,99"
"Санкт-Петербург, улица Савушкина, 112А",16.05.2026,"Масло сливочное 365 ДНЕЙ 61,5%, без змж","119,99"
"Санкт-Петербург, улица Савушкина, 112А",16.05.2026,"Молоко ультрапастеризованное ЭКОНИВА 3,2%, без змж","99,99"
"Санкт-Петербург, улица Савушкина, 112А",16.05.2026,"Коктейль молочный стерилизованный ФАННИ ЯММИ Клубника 1,6%, без змж","46,99"
"Санкт-Петербург, улица Савушкина, 112А",16.05.2026,"Напиток сывороточно-молочный МАЖИТЭЛЬ Персик, маракуйя 0,05%, без змж","119,99"
"Санкт-Петербург, улица Савушкина, 112А",16.05.2026,Напиток растительный HUNGRY PANDA Соленая карамель,"159,99"
"Санкт-Петербург, улица Савушкина, 112А",16.05.2026,"Снежок детский ФРУТОНЯНЯ 2%, без змж","51,99"
"Санкт-Петербург, улица Савушкина, 112А",16.05.2026,"Сырок творожный ХОЗЯЙСТВО ВАСИЛЬЕВОЙ А.В. с изюмом 4,5%, без змж","47,99"
"Санкт-Петербург, улица Савушкина, 112А",16.05.2026,"Биойогурт питьевой АКТИБИО Малина, гранат 1,5%, без змж","49,99"
"Санкт-Петербург, улица Савушкина, 112А",16.05.2026,"Сливки ультрапастеризованные КЛЕВЕР 20%, без змж","209,99"
"Санкт-Петербург, улица Савушкина, 112А",16.05.2026,"Пудинг молочный GRAND DESERT Двойной орех 4,9%, без змж","99,99"
"Санкт-Петербург, улица Савушкина, 112А",16.05.2026,"Творог СЕВЕРНОЕ МОЛОКО 5%, без змж","119,99"
"Санкт-Петербург, улица Савушкина, 112А",16.05.2026,"Творожок ПРОСТОКВАШИНО Персик-абрикос 3,6%, без змж","37,99"
"Санкт-Петербург, улица Савушкина, 112А",16.05.2026,"Масса творожная РОСТАГРОЭКСПОРТ Особая с изюмом 23%, без змж","97,99"
"Санкт-Петербург, улица Савушкина, 112А",16.05.2026,"Коктейль молочный ультрапастеризованный ВАУ МЯУ! Клубника со сливками 3,2%, без змж","129,99"
"Санкт-Петербург, улица Савушкина, 112А",16.05.2026,"Маршмеллоу ЗАВОД ИМЕНИ ПАСТУХОВА Японская дыня в молочном бельгийском шоколаде, без змж","109,99"
"Санкт-Петербург, улица Савушкина, 112А",16.05.2026,"Йогурт LAPLANDIA Сливочный с наполнителем ржаной хлеб, корица 7,1%, без змж","74,99"
"Санкт-Петербург, улица Савушкина, 112А",16.05.2026,"Йогурт VIOLA Полезный завтрак Груша, грецкий орех 5%, без змж","82,99"
"Санкт-Петербург, улица Савушкина, 112А",16.05.2026,"Десерт творожный EPICA Flavorite Груша, ваниль, грецкий орех 8%, без змж","57,99"
"Санкт-Петербург, улица Савушкина, 112А",16.05.2026,"Ряженка МОЛОЧНАЯ КУЛЬТУРА 3,5–4,5%, без змж","119,99"
"Санкт-Петербург, улица Савушкина, 112А",16.05.2026,"Напиток овсяный NEMOLOKO Шоколадный, обогащенный кальцием и витамином В2","96,99"
"Санкт-Петербург, улица Савушкина, 112А",16.05.2026,"Масса творожная РОСТАГРОЭКСПОРТ Особая с курагой 23%, без змж","104,99"
"Санкт-Петербург, улица Савушкина, 112А",16.05.2026,"Коктейль молочный стерилизованный ФАННИ ЯММИ Какао шоколадный 1,7%, без змж","44,99"
"Санкт-Петербург, улица Савушкина, 112А",16.05.2026,"Напиток кисломолочный ИМУНЕЛЕ For Kids Клубничное мороженое 1,5%, без змж","29,99"
"Санкт-Петербург, улица Савушкина, 112А",16.05.2026,"Биойогурт питьевой АКТИБИО Дыня, клубника, земляника 1,5%, без змж","49,99"
"Санкт-Петербург, улица Савушкина, 112А",16.05.2026,"Молоко пастеризованное СЕВЕРНОЕ МОЛОКО Вологодское 3,2%, без змж","86,99"
"Санкт-Петербург, улица Савушкина, 112А",16.05.2026,"Десерт творожный ЧУДО Вишня, шоколад 4,4%, без змж","52,99"
"Санкт-Петербург, улица Савушкина, 112А",16.05.2026,"Сметана ЛЕНТА 20% ГОСТ, без змж","61,99"
"Санкт-Петербург, улица Савушкина, 112А",16.05.2026,"Спред растительно-жировой 48%, с змж","53,99"
"Санкт-Петербург, улица Савушкина, 112А",16.05.2026,Спред растительно-жировой КРЕСТЬЯНСКИЙ Сливочник 60%,"74,99"
"Санкт-Петербург, улица Савушкина, 112А",16.05.2026,"Продукт питьевой J7 Смузи Клубника, банан, яблоко со злаками с витаминами","84,99"
"Санкт-Петербург, улица Савушкина, 112А",16.05.2026,"Ряженка ДОМИК В ДЕРЕВНЕ Клубника 2,1% без змж","48,99"
"Санкт-Петербург, улица Савушкина, 112А",16.05.2026,"Сливки ультрапастеризованные PARMALAT UHT безлактозные 11%, без змж","109,99"
"Санкт-Петербург, улица Савушкина, 112А",16.05.2026,"Йогурт VIOLA Very Berry с зеленым яблоком 2,6%, без змж","74,99"
"Санкт-Петербург, улица Савушкина, 112А",16.05.2026,"Йогурт VIOLA FREE безлактозный с наполнителем Медовая дыня, семена чиа 2,7%, без змж","74,99"
"Санкт-Петербург, улица Савушкина, 112А",16.05.2026,"Творог МАМА ЛАМА с манго 3,8%, без змж","34,99"
"Санкт-Петербург, улица Савушкина, 112А",16.05.2026,"Биотворог для детского питания ТЕМА Банан со вкусом печенья 4%, без змж","34,99"
"Санкт-Петербург, улица Савушкина, 112А",16.05.2026,"Творог мягкий ДОМИК В ДЕРЕВНЕ 2%, без змж","45,99"
"Санкт-Петербург, улица Савушкина, 112А",16.05.2026,"Напиток молочный VENN'S Ваниль-лесной орех высокобелковый обезжиренный, без змж","99,99"
"Санкт-Петербург, улица Савушкина, 112А",16.05.2026,Желе РАСТИШКА Вишня,"34,99"
"Санкт-Петербург, улица Савушкина, 112А",16.05.2026,"Пирожное KINDER Молочный ломтик бисквит с молочной начинкой и вкусом персик-маракуйя, без змж","76,99"
"Санкт-Петербург, улица Савушкина, 112А",16.05.2026,"Продукт кисломолочный ACTIMUNO Киви, клубника 1,5%, без змж","29,99"
"Санкт-Петербург, улица Савушкина, 112А",16.05.2026,"Сливки ультрапастеризованные ПЕТМОЛ Для взбивания 33%, без змж","309,99"
"Санкт-Петербург, улица Савушкина, 112А",16.05.2026,"Коктейль молочный ЧУДО Шоколад 3%, без змж","49,99"
"Санкт-Петербург, улица Савушкина, 112А",16.05.2026,"Йогурт LACTICA Греческий 2%, без змж","56,99"
"Санкт-Петербург, улица Савушкина, 112А",16.05.2026,"Сметана СЕВЕРНОЕ МОЛОКО Вологодская 15%, без змж","59,99"
"Санкт-Петербург, улица Савушкина, 112А",16.05.2026,"Палочки творожные глазированные СВИТЛОГОРЬЕ Три кота с ванилью в карамельной глазури 16%, без змж, палочки","169,99"
"Санкт-Петербург, улица Савушкина, 112А",16.05.2026,"Молоко сгущенное вареное СВИТЛОГОРЬЕ в вафельной трубочке 8,5%, без змж","49,99"
"Санкт-Петербург, улица Савушкина, 112А",16.05.2026,"Пудинг молочный ЧУДО Шоколад 3,1%, без змж","39,99"
"Санкт-Петербург, улица Савушкина, 112А",16.05.2026,"Йогурт СВЕЖЕЕ ЗАВТРА Кленовый пекан 7,2%, без змж","59,99"
"Санкт-Петербург, улица Савушкина, 112А",16.05.2026,"Молоко пастеризованное БОЛЬШАЯ КРУЖКА 3,4–4%, без змж","89,99"
"Санкт-Петербург, улица Савушкина, 112А",16.05.2026,"Сметана БРЕСТ-ЛИТОВСК 15%, без змж","53,99"
"Санкт-Петербург, улица Савушкина, 112А",16.05.2026,"Йогурт питьевой детский АГУША Клубника, земляника 2,7%, с 3 лет, без змж","42,99"
"Санкт-Петербург, улица Савушкина, 112А",16.05.2026,Напиток ЛЕНТА LIFE Овсяный оригинальный,"99,99"
"Санкт-Петербург, улица Савушкина, 112А",16.05.2026,Яйцо куриное ПАВЛОВСКАЯ КУРОЧКА С1,"139,99"
"Санкт-Петербург, улица Савушкина, 112А",16.05.2026,"Десерт творожный ЧУДО Соленая карамель 4,2%, без змж","52,99"
"Санкт-Петербург, улица Савушкина, 112А",16.05.2026,"Десерт творожный GRAND DUET Мечта единорога 5,5%, без змж","79,99"
"Санкт-Петербург, улица Савушкина, 112А",16.05.2026,"Биойогурт питьевой АКТИБИО Чернослив 1,5%, без змж","49,99"
"Санкт-Петербург, улица Савушкина, 112А",16.05.2026,"Коктейль молочный ЧУДО Клубника 2%, без змж","164,99"
"Санкт-Петербург, улица Савушкина, 112А",16.05.2026,"Йогурт VENN'S Греческий 0,1%, без змж","56,99"
"Санкт-Петербург, улица Савушкина, 112А",16.05.2026,"Молоко ультрапастеризованное PARMALAT 0,5%, без змж","124,99"
"Санкт-Петербург, улица Савушкина, 112А",16.05.2026,"Продукт кисломолочный ACTIMUNO Земляника, шиповник 1,5%, без змж","29,99"
"Санкт-Петербург, улица Савушкина, 112А",16.05.2026,"Кефир ГАРМОНИЯ 1%, без змж","99,99"
"Санкт-Петербург, улица Савушкина, 112А",16.05.2026,Яйцо перепелиное ЭКО-ПТИЦЕФАБРИКА,"154,99"
"Санкт-Петербург, улица Савушкина, 112А",16.05.2026,"Йогурт ФРУГУРТ Вишня 2%, без змж","59,99"
"Санкт-Петербург, улица Савушкина, 112А",16.05.2026,"Десерт глазированный 365 ДНЕЙ Вишневый джем 23%, с змж","14,99"
"Санкт-Петербург, улица Савушкина, 112А",16.05.2026,Яйцо куриное ЛЕНТА FRESH С1 с селеном и йодом,"114,99"
"Санкт-Петербург, улица Савушкина, 112А",16.05.2026,"Сырок творожный глазированный РОСТАГРОЭКСПОРТ с вареной сгущенкой 15%, c змж","32,99"
"Санкт-Петербург, улица Савушкина, 112А",16.05.2026,"Творог детский АГУША Малиновый пломбир фруктовый 3,9%, с 12 месяцев, без змж","39,99"
"Санкт-Петербург, улица Савушкина, 112А",16.05.2026,"Йогурт питьевой ЧУДО Черника, малина 1,9%, без змж","59,99"
"Санкт-Петербург, улица Савушкина, 112А",16.05.2026,"Спред растительно-жировой ТМ КРЕМЛЕВСКОЕ 60%, без змж","114,99"
"Санкт-Петербург, улица Савушкина, 112А",16.05.2026,"Йогурт VIOLA Красный виноград, без сахара, безлактозный 2,7%, без змж","84,99"
"Санкт-Петербург, улица Савушкина, 112А",16.05.2026,"Молоко ультрапастеризованное 1М МОЛОЧНЫЙ 2,5%, без змж","69,99"
"Санкт-Петербург, улица Савушкина, 112А",16.05.2026,"Йогурт VIOLA FREE безлактозный с наполнителем Малина, черная смородина 2,7%, без змж","74,99"
"Санкт-Петербург, улица Савушкина, 112А",16.05.2026,"Творог детский АГУША Банан, яблоко, персик фруктовый 4%, с 6 месяцев, без змж","39,99"
"Санкт-Петербург, улица Савушкина, 112А",16.05.2026,"Напиток молочный ультрапастеризованный МОЛОЧНЫЙ МИР Banana milk 1,3% , без змж","90,99"
"Санкт-Петербург, улица Савушкина, 112А",16.05.2026,Желе 365 ДНЕЙ со вкусом яблока,"28,99"
"Санкт-Петербург, улица Савушкина, 112А",16.05.2026,"Биойогурт питьевой АКТИБИО Черника, 5 злаков 1,6%, без змж","49,99"
"Санкт-Петербург, улица Савушкина, 112А",16.05.2026,"Йогурт АКТИБИО Киви-клубника без сахара 3%, без змж","59,99"
"Санкт-Петербург, улица Савушкина, 112А",16.05.2026,"Кефир ЛЕНТА 2,5%, без змж","89,99"
"Санкт-Петербург, улица Савушкина, 112А",16.05.2026,"Творог ПРОСТОКВАШИНО 9%, без змж","119,99"
"Санкт-Петербург, улица Савушкина, 112А",16.05.2026,"Творог ЛЕНТА 9%, без змж","82,99"
"Санкт-Петербург, улица Савушкина, 112А",16.05.2026,"Йогурт питьевой NEO Фруктовый Манго, малина 1,5%, без змж 260г","69,99"
"Санкт-Петербург, улица Савушкина, 112А",16.05.2026,"Творог BONVIDA обезжиренный, без змж","194,99"
"Санкт-Петербург, улица Савушкина, 112А",16.05.2026,"Молоко пастеризованное BONVIDA 3,2%, без змж","134,99"
"Санкт-Петербург, улица Савушкина, 112А",16.05.2026,"Молоко топленое ПРОСТОКВАШИНО 2,5%, без змж","99,99"
"Санкт-Петербург, улица Савушкина, 112А",16.05.2026,"Йогурт EPICA Crispy Лимон, семена тыквы, печенье, белый шоколад 8,6%, без змж","74,99"
"Санкт-Петербург, улица Савушкина, 112А",16.05.2026,Желе плодово-ягодное DELISSE Мандарин в желе,"64,99"
"Санкт-Петербург, улица Савушкина, 112А",16.05.2026,"Сок охлажденный J7 Цитрусовый микс, Яблоко-Грейпфрут-Апельсин","209,99"
"Санкт-Петербург, улица Савушкина, 112А",16.05.2026,"Палочки творожные глазированные СВИТЛОГОРЬЕ Три кота с ванилью 16%, без змж, палочки","169,99"
"Санкт-Петербург, улица Савушкина, 112А",16.05.2026,"Йогурт МОЛОЧНАЯ КУЛЬТУРА с абрикосом, миндалем с гранолой и изюмом 2,7–3,5%, без змж","83,99"
"Санкт-Петербург, улица Савушкина, 112А",16.05.2026,"Молоко пастеризованное ВКУСНОТЕЕВО цельное 3,5–6%, без змж","104,99"
"Санкт-Петербург, улица Савушкина, 112А",16.05.2026,"Коктейль молочный ультрапастеризованный ВАУ МЯУ! Ванильное мороженое 3,2%, без змж","129,99"
"Санкт-Петербург, улица Савушкина, 112А",16.05.2026,"Пудинг молочный GRAND DESERT Ваниль 4,7%, без змж","99,99"
"Санкт-Петербург, улица Савушкина, 112А",16.05.2026,"Сырок творожный глазированный А.РОСТАГРОКОМПЛЕКС с ванилью в молочном шоколаде 15%, без змж, 6x25г","249,99"
"Санкт-Петербург, улица Савушкина, 112А",16.05.2026,Напиток растительный HUNGRY PANDA Медовая дыня,"159,99"
"Санкт-Петербург, улица Савушкина, 112А",16.05.2026,"Десерт молочный ПОТРЯСНЫЙ Котик фигурный Ванильный 6,5%, без змж","149,99"
"Санкт-Петербург, улица Савушкина, 112А",16.05.2026,"Десерт творожный EPICA Flavorite Малина, маскарпоне 7,7%, без змж","57,99"
"Санкт-Петербург, улица Савушкина, 112А",16.05.2026,"Творог рассыпчатый САВУШКИН ПРОДУКТ 5%, без змж","149,99"
"Санкт-Петербург, улица Савушкина, 112А",16.05.2026,"Творог ЛЕНТА обезжиренный, без змж","74,99"
"Санкт-Петербург, улица Савушкина, 112А",16.05.2026,"Напиток кисломолочный EXPONENTA High-pro Соленая карамель обезжиренный с высоким содержанием белка, без змж","154,99"
"Санкт-Петербург, улица Савушкина, 112А",16.05.2026,"Творог СЕЛО ЗЕЛЕНОЕ 9%, без змж","109,99"
"Санкт-Петербург, улица Савушкина, 112А",16.05.2026,"Йогурт питьевой СВЕЖЕЕ ЗАВТРА Груша 1,9%, без змж","57,99"
"Санкт-Петербург, улица Савушкина, 112А",16.05.2026,"Сырок глазированный ПРОСТОКВАШИНО с какао с шоколадным вкусом 23%, без змж","46,99"
"Санкт-Петербург, улица Савушкина, 112А",16.05.2026,"Кефир ЭКОНИВА 1%, без змж","99,99"
"Санкт-Петербург, улица Савушкина, 112А",16.05.2026,"Напиток кисломолочный LET'S GO Гранат, малина безлактозный высокобелковый обезжиренный, без змж","169,99"
"Санкт-Петербург, улица Савушкина, 112А",16.05.2026,"Напиток кисломолочный LET'S GO Клубника, банан безлактозный высокобелковый обезжиренный, без змж","169,99"
"Санкт-Петербург, улица Савушкина, 112А",16.05.2026,"Молоко пастеризованное ЛЕНТА 2,5%, без змж","74,99"
"Санкт-Петербург, улица Савушкина, 112А",16.05.2026,"Йогурт АКТИБИО с манго и папайей, без сахара 3%, без змж","44,99"
"Санкт-Петербург, улица Савушкина, 112А",16.05.2026,"Напиток растительный ZINUS VEGAN Кокос на йогуртной закваске, с змж","54,99"
"Санкт-Петербург, улица Савушкина, 112А",16.05.2026,"Молоко пастеризованное БУРЕНКИНО цельное отборное 3,2–6%, без змж","69,99"
"Санкт-Петербург, улица Савушкина, 112А",16.05.2026,"Напиток растительный PLANTO Соево-банановый 0,7%","179,99"
"Санкт-Петербург, улица Савушкина, 112А",16.05.2026,"Биойогурт детский ТЕМА Вишня, черешня 2,5%, без змж","44,99"
"Санкт-Петербург, улица Савушкина, 112А",16.05.2026,Желе РАСТИШКА Мультифрукт,"34,99"
"Санкт-Петербург, улица Савушкина, 112А",16.05.2026,"Сметана ЭКОНИВА 20%, без змж","109,99"
"Санкт-Петербург, улица Савушкина, 112А",16.05.2026,"Сырок творожный глазированный РОСТАГРОЭКСПОРТ с ванилином 20%, без змж","32,99"
"Санкт-Петербург, улица Савушкина, 112А",16.05.2026,"Йогурт питьевой ЧУДО Вишня, черешня 1,9%, без змж","59,99"
"Санкт-Петербург, улица Савушкина, 112А",16.05.2026,"Масло сладкосливочное LAPLANDIA несоленое 82,5%, без змж","209,99"
"Санкт-Петербург, улица Савушкина, 112А",16.05.2026,"Йогурт ДАНИССИМО Фантазия Соленая карамель с шариками 6,9%, без змж","69,90"
"Санкт-Петербург, улица Савушкина, 112А",16.05.2026,"Йогурт питьевой EPICA с маракуйей и мангостином 2,5%, без змж","54,99"
"Санкт-Петербург, улица Савушкина, 112А",16.05.2026,"Айран ЛЕНТА Выбор экспертов газированный 0,5%, без змж","39,99"
"Санкт-Петербург, улица Савушкина, 112А",16.05.2026,"Молоко пастеризованное козье СТОЛЫПИНСКАЯ ФЕРМА цельное 2,8–5,5%, без змж","164,99"
"Санкт-Петербург, улица Савушкина, 112А",16.05.2026,"Сырок творожный глазированный DELISSE с малиновой начинкой 26%, без змж","39,99"
"Санкт-Петербург, улица Савушкина, 112А",16.05.2026,"Молоко ультрапастеризованное ЛЕНТА 2,5%, без змж","89,99"
"Санкт-Петербург, улица Савушкина, 112А",16.05.2026,"Йогурт питьевой VIOLA Clean Label Гранат 0,8%, без змж","69,99"
"Санкт-Петербург, улица Савушкина, 112А",16.05.2026,"Биойогурт питьевой АКТИБИО Чернослив 1,5%, без змж","139,99"
"Санкт-Петербург, улица Савушкина, 112А",16.05.2026,"Йогурт питьевой детский АГУША Малиновый пломбир 2,7%, с 12 месяцев, без змж","42,99"
"Санкт-Петербург, улица Савушкина, 112А",16.05.2026,"Молоко пастеризованное МЗ ПИСКАРЕВСКИЙ 2,5%, без змж","55,99"
"Санкт-Петербург, улица Савушкина, 112А",16.05.2026,"Продукт биокефирный АГУША с малиной 2,9%, без змж","44,99"
"Санкт-Петербург, улица Савушкина, 112А",16.05.2026,"Молоко ультрапастеризованные КЛЕВЕР топленое 4%, без змж","129,99"
"Санкт-Петербург, улица Савушкина, 112А",16.05.2026,"Напиток кисломолочный ИМУНЕЛЕ For Kids Малиновый пломбир 1,5%, без змж","29,99"
"Санкт-Петербург, улица Савушкина, 112А",16.05.2026,"Напиток кисломолочный ФРУГУРТ Черника 1%, без змж","84,99"
"Санкт-Петербург, улица Савушкина, 112А",16.05.2026,"Творог рассыпчатый PRESIDENT 5%, без змж","234,99"
"Санкт-Петербург, улица Савушкина, 112А",16.05.2026,"Продукт кисломолочный ACTIMUNO Натуральный 1,6%, без змж","29,99"
"Санкт-Петербург, улица Савушкина, 112А",16.05.2026,"Йогурт VIOLA Полезный завтрак Мандарин, яблоко 5%, без змж","82,99"
"Санкт-Петербург, улица Савушкина, 112А",16.05.2026,"Продукт творожный PRESIDENT Запеканка творожная с ванилью 5,5%, без змж","114,99"
"Санкт-Петербург, улица Савушкина, 112А",16.05.2026,"Йогурт ФРУГУРТ Клубника, малина 2%, без змж","59,99"
"Санкт-Петербург, улица Савушкина, 112А",16.05.2026,"Молочный коктейль детский АГУША Земляника 2%, без змж","39,99"
"Санкт-Петербург, улица Савушкина, 112А",16.05.2026,"Йогурт EPICA Crispy Карамель, семена подсолнечника, орехи 10,2%, без змж","74,99"
"Санкт-Петербург, улица Савушкина, 112А",16.05.2026,"Напиток молочный ультрапастеризованный PARMALAT Спокойной ночи безлактозный 1,8%, без змж","169,99"
"Санкт-Петербург, улица Савушкина, 112А",16.05.2026,"Десерт AWAKE POWER Кокосовый с йогуртовой закваской Ягодный микс, без змж","88,99"
"Санкт-Петербург, улица Савушкина, 112А",16.05.2026,"Десерт творожный ДАНИССИМО Шоколадный трюфель 5,7%, без змж","67,90"
"Санкт-Петербург, улица Савушкина, 112А",16.05.2026,"Йогурт питьевой ЧУДО Персик, манго, дыня 1,9%, без змж","59,99"
"Санкт-Петербург, улица Савушкина, 112А",16.05.2026,"Творог САВУШКИН Хуторок 5%, без змж","129,99"
"Санкт-Петербург, улица Савушкина, 112А",16.05.2026,"Биокефир МЗ ПИСКАРЕВСКИЙ 2,5%, без змж 500г","59,99"
"Санкт-Петербург, улица Савушкина, 112А",16.05.2026,"Десерт ТВОРОЖНЫЕ СЛАСТИ Груша, ваниль с творогом","34,99"
"Санкт-Петербург, улица Савушкина, 112А",16.05.2026,"Десерт творожный EPICA Flavorite Вишня, шоколад 8,1%, без змж","57,99"
"Санкт-Петербург, улица Савушкина, 112А",16.05.2026,"Йогурт для детей РАСТИШКА Клубника со злаковым драже в белом и молочном шоколаде 3%, без змж","51,99"
"Санкт-Петербург, улица Савушкина, 112А",16.05.2026,"Айран ЛЕНТА Выбор экспертов негазированный 0,5%, без змж","65,99"
"Санкт-Петербург, улица Савушкина, 112А",16.05.2026,"Йогурт питьевой VIOLA Clean Label с малиной и черникой 0,8%, без змж","64,99"
"Санкт-Петербург, улица Савушкина, 112А",16.05.2026,"Кефир МИНСКАЯ МАРКА 3,2%, без змж","94,99"
"Санкт-Петербург, улица Савушкина, 112А",16.05.2026,Десерт ТВОРОЖНЫЕ СЛАСТИ Вишня с творогом,"34,99"
"Санкт-Петербург, улица Савушкина, 112А",16.05.2026,"Йогурт питьевой NEO Классический 1,8%, без змж 260г","69,99"
"Санкт-Петербург, улица Савушкина, 112А",16.05.2026,"Сливки стерилизованные ДОМИК В ДЕРЕВНЕ 10%, без змж","139,99"
"Санкт-Петербург, улица Савушкина, 112А",16.05.2026,"Творог мягкий ВКУСНОТЕЕВО 5%, без змж","42,99"
"Санкт-Петербург, улица Савушкина, 112А",16.05.2026,"Айран EL'NATUR негазированный 0,5%, без змж","89,99"
"Санкт-Петербург, улица Савушкина, 112А",16.05.2026,"Сметана ЛЕНТА 20%, без змж","99,99"
"Санкт-Петербург, улица Савушкина, 112А",16.05.2026,"Творог ХОЗЯЙСТВО ВАСИЛЬЕВОЙ с вишней и черешней 3,2%, без змж","79,99"
"Санкт-Петербург, улица Савушкина, 112А",16.05.2026,"Десерт творожный ЧУДО Воздушный Творожок взбитый со вкусом пломбир 5,8%, без змж","39,99"
"Санкт-Петербург, улица Савушкина, 112А",16.05.2026,"Паста творожная САВУШКИН Клубника 3,5%, без змж","49,99"
"Санкт-Петербург, улица Савушкина, 112А",16.05.2026,"Биойогурт питьевой АКТИБИО Вишня, семена чиа 1,5%, без змж","49,99"
"Санкт-Петербург, улица Савушкина, 112А",16.05.2026,"Йогурт питьевой СВЕЖЕЕ ЗАВТРА Черника 1,9%, без змж","57,99"
"Санкт-Петербург, улица Савушкина, 112А",16.05.2026,"Творожок РАСТИШКА Малина, со вкусом пломбира с голубикой 3,5%, без змж","94,99"
"Санкт-Петербург, улица Савушкина, 112А",16.05.2026,"Коктейль молочный GRAND COCKTAIL Соленая карамель 4%, без змж","84,99"
"Санкт-Петербург, улица Савушкина, 112А",16.05.2026,Напиток растительный ЛЕНТА LIFE Йогуртный Клубника-банан,"49,99"
"Санкт-Петербург, улица Савушкина, 112А",16.05.2026,"Творожок ДАНИССИМО Десерт двухслойный Фисташка, малина 3,9%, без змж","56,99"
"Санкт-Петербург, улица Савушкина, 112А",16.05.2026,"Продукт кисломолочный ACTIMUNO Манго, маракуйя 1,5%, без змж","29,99"
"Санкт-Петербург, улица Савушкина, 112А",16.05.2026,"Продукт йогуртный НЕЖНЫЙ Легкий с соком персика 0,1%, без змж","14,99"
"Санкт-Петербург, улица Савушкина, 112А",16.05.2026,"Коктейль молочный LET'S GO Карамель высокобелковый без лактозы, без сахара, без змж","159,99"
"Санкт-Петербург, улица Савушкина, 112А",16.05.2026,"Коктейль БОЛЬШАЯ КРУЖКА Шоколад с мороженым 3%, без змж","139,99"
"Санкт-Петербург, улица Савушкина, 112А",16.05.2026,"Масло топленое PRESIDENT 99%, без змж","424,99"
"Санкт-Петербург, улица Савушкина, 112А",16.05.2026,"Тан EL'NATUR Для окрошки 0,5%, без змж","99,99"
"Санкт-Петербург, улица Савушкина, 112А",16.05.2026,"Йогурт ЧУДО Персик, маракуя 2%, без змж","82,99"
"Санкт-Петербург, улица Савушкина, 112А",16.05.2026,"Биойогурт питьевой АКТИБИО Персик 1,5%, без змж","139,99"
"Санкт-Петербург, улица Савушкина, 112А",16.05.2026,"Творог для питания детей ФРУТОНЯНЯ Клубника, банан и яблоко 4,2%, без змж","47,99"
"Санкт-Петербург, улица Савушкина, 112А",16.05.2026,"Творог СВИТЛОГОРЬЕ Столовый 2%, без змж","89,99"
"Санкт-Петербург, улица Савушкина, 112А",16.05.2026,"Кефир ДОМИК В ДЕРЕВНЕ 3,2%, без змж","109,99"
"Санкт-Петербург, улица Савушкина, 112А",16.05.2026,"Молоко ультрапастеризованное ДОМИК В ДЕРЕВНЕ 3,5%, без змж","119,99"
"Санкт-Петербург, улица Савушкина, 112А",16.05.2026,"Напиток овсяный NEMOLOKO Лайт Классический, обогащенный витаминами и минеральными веществами","109,99"
"Санкт-Петербург, улица Савушкина, 112А",16.05.2026,"Йогурт СВЕЖЕЕ ЗАВТРА Вишня 2,6%, без змж","59,99"
"Санкт-Петербург, улица Савушкина, 112А",16.05.2026,"Творог пластовой АНФИСКИНО обезжиренный менее 1,8%, без змж","119,99"
"Санкт-Петербург, улица Савушкина, 112А",16.05.2026,"Йогурт ЧУДО Шоколадное настроение 4%, без змж","66,99"
"Санкт-Петербург, улица Савушкина, 112А",16.05.2026,"Йогурт питьевой VIOLA Clean Label с зеленым яблоком 0,8%, без змж","64,99"
"Санкт-Петербург, улица Савушкина, 112А",16.05.2026,Напиток растительный NEMOLOKO Овсяный Ванильный,"96,99"
"Санкт-Петербург, улица Савушкина, 112А",16.05.2026,"Молоко ультрапастеризованное ЭКОНИВА Профессиональная линия Professional Line 2,5%, без змж","114,99"
"Санкт-Петербург, улица Савушкина, 112А",16.05.2026,"Напиток сывороточный АКТУАЛЬ Сыворотка+Сок Апельсин и манго с соком, без змж","104,99"
"Санкт-Петербург, улица Савушкина, 112А",16.05.2026,"Сметана ИЗ ВОЛОГДЫ Вологодская 25%, без змж","144,99"
"Санкт-Петербург, улица Савушкина, 112А",16.05.2026,"Йогурт VIOLA Very Berry с бананом 2,6%, без змж","74,99"
"Санкт-Петербург, улица Савушкина, 112А",16.05.2026,"Масло сладкосливочное VIOLA 82,5%, без змж","429,99"
"Санкт-Петербург, улица Савушкина, 112А",16.05.2026,"Молоко ультрапастеризованное PARMALAT Comfort безлактозное 0,05%, без змж","159,99"
"Санкт-Петербург, улица Савушкина, 112А",16.05.2026,"Сметана ПРОСТОКВАШИНО 15%, без змж","114,99"
"Санкт-Петербург, улица Савушкина, 112А",16.05.2026,"Йогурт СВЕЖЕЕ ЗАВТРА Клубника и печенье 7%, без змж","61,99"
"Санкт-Петербург, улица Савушкина, 112А",16.05.2026,"Коктейль молочный NEO Манго, гуава высокобелковый 0,3%, без змж","139,99"
"Санкт-Петербург, улица Савушкина, 112А",16.05.2026,"Йогурт DELISSE двухслойный с черникой 2,5%, без змж","39,99"
"Санкт-Петербург, улица Савушкина, 112А",16.05.2026,"Масса творожная ХОЗЯЙСТВО ВАСИЛЬЕВОЙ А.В. с изюмом 4,5%, без змж","159,99"
"Санкт-Петербург, улица Савушкина, 112А",16.05.2026,"Коктейль кефирный ПРОСТОКВАШИНО Клубника, обезжиренный, без змж","119,99"
"Санкт-Петербург, улица Савушкина, 112А",16.05.2026,"Напиток сывороточно-молочный МАЖИТЭЛЬ Пина Колада, без змж","119,99"
"Санкт-Петербург, улица Савушкина, 112А",16.05.2026,"Йогурт VIOLA Полезный завтрак Гранола, изюм 5%, без змж","82,99"
"Санкт-Петербург, улица Савушкина, 112А",16.05.2026,"Коктейль молочный PARMALAT Чоколатта 1,9%, без змж","69,99"
"Санкт-Петербург, улица Савушкина, 112А",16.05.2026,"Сметана PARMALAT Comfort безлактозная 15%, без змж","124,99"
"Санкт-Петербург, улица Савушкина, 112А",16.05.2026,"Коктейль молочный РАСТИШКА Малиновое мороженое 2%, без змж","48,99"
"Санкт-Петербург, улица Савушкина, 112А",16.05.2026,"Молоко сгущенное ГЛАВПРОДУКТ цельное с сахаром Экстра 8,5% без змж ГОСТ","154,99"
"Санкт-Петербург, улица Савушкина, 112А",16.05.2026,"Десерт творожный ЧУДО Творожок взбитый Ягодное мороженое 5,8%, без змж","39,99"
"Санкт-Петербург, улица Савушкина, 112А",16.05.2026,"Творог мягкий СВИТЛОГОРЬЕ 4%, без змж","129,99"
"Санкт-Петербург, улица Савушкина, 112А",16.05.2026,"Молоко пастеризованное ЛОСЕВО безлактозное 2,5%, без змж","161,99"
"Санкт-Петербург, улица Савушкина, 112А",16.05.2026,"Сырок глазированный ВЫБОР СЕМЬИ Ваниль 16%, без змж","19,99"
"Санкт-Петербург, улица Савушкина, 112А",16.05.2026,"Йогурт АКТИБИО с персиком и малиной, без сахара 3% без змж","49,99"
"Санкт-Петербург, улица Савушкина, 112А",16.05.2026,Продукт питьевой J7 Смузи Манго-персик-яблоко с овсяными хлопьями,"84,99"
"Санкт-Петербург, улица Савушкина, 112А",16.05.2026,"Сметана МИНСКАЯ МАРКА 20%, без змж","139,99"
"Санкт-Петербург, улица Савушкина, 112А",16.05.2026,"Йогурт ДАНИССИМО Фантазия Хрустящие шарики со вкусом вишни и финика 6,9%, без змж","69,99"
"Санкт-Петербург, улица Савушкина, 112А",16.05.2026,"Десерт творожный EPICA Flavorite Банан, ореховый крем 7,6%, без змж","57,99"
"Санкт-Петербург, улица Савушкина, 112А",16.05.2026,"Крем молочный КНЯЖЕСКИЙ ЛЮБИМЧИК Ассорти 4,5%, без змж","109,99"
"Санкт-Петербург, улица Савушкина, 112А",16.05.2026,"Десерт творожный ВЕНСКИЙ ЗАВТРАК взбитый с черникой 7%, без змж","58,99"
"Санкт-Петербург, улица Савушкина, 112А",16.05.2026,"Зефир молочный ЗАВОД ИМЕНИ ПАСТУХОВА с кофе в молочном бельгийском шоколаде, без змж","114,99"
"Санкт-Петербург, улица Савушкина, 112А",16.05.2026,Напиток растительный ZINUS VEGAN Миндальный,"129,99"
"Санкт-Петербург, улица Савушкина, 112А",16.05.2026,"Напиток на овсяной основе ОВСЯША Миндальный 1,5%","29,99"
"Санкт-Петербург, улица Савушкина, 112А",16.05.2026,"Йогурт LACTICA Греческий с клубникой 1,7% двухслойный, без змж","59,99"
"Санкт-Петербург, улица Савушкина, 112А",16.05.2026,"Творог для питания детей ФРУТОНЯНЯ Манго, банан 4,2%, без змж","47,99"
"Санкт-Петербург, улица Савушкина, 112А",16.05.2026,"Йогурт термостатный СВЕЖЕЕ ЗАВТРА 1,5%, без змж","19,99"
"Санкт-Петербург, улица Савушкина, 112А",16.05.2026,"Молоко сгущенное РОГАЧЕВЪ Молочное лакомство, с хлебными палочками","64,99"
"Санкт-Петербург, улица Савушкина, 112А",16.05.2026,"Напиток на растительной основе BONVIDA Barista Миндальный 1,8%","129,99"
"Санкт-Петербург, улица Савушкина, 112А",16.05.2026,"Молоко пастеризованное СЕВЕРНАЯ ДОЛИНА 2,5%, без змж","144,99"
"Санкт-Петербург, улица Савушкина, 112А",16.05.2026,"Молоко сгущенное ЛЕНТА вареное 8,5% без змж","134,99"
"Санкт-Петербург, улица Савушкина, 112А",16.05.2026,"Кефир МИНСКАЯ МАРКА 2,5%, без змж","84,99"
"Санкт-Петербург, улица Савушкина, 112А",16.05.2026,"Молоко ультрапастеризованное BONVIDA Для капучино 3,5%, без змж","39,99"
"Санкт-Петербург, улица Савушкина, 112А",16.05.2026,"Коктейль БОЛЬШАЯ КРУЖКА Шоколад, мороженое 3%, без змж","33,99"
"Санкт-Петербург, улица Савушкина, 112А",16.05.2026,"Напиток овсяный ОВСЯША Шоколадный обогащенный витаминами и минеральными веществами 3,2%","26,99"
"Санкт-Петербург, улица Савушкина, 112А",16.05.2026,"Коктейль молочный LET'S GO Клубника высокобелковый без лактозы, без сахара, без змж","159,99"
"Санкт-Петербург, улица Савушкина, 112А",16.05.2026,"Масло сливочное NATURA 82%, без змж","189,99"
"Санкт-Петербург, улица Савушкина, 112А",16.05.2026,"Молоко пастеризованное ВМК Вологжанка 3,2%, без змж","95,99"
"Санкт-Петербург, улица Савушкина, 112А",16.05.2026,"Йогурт DELISSE двухслойный с киви 2,5%, без змж","39,99"
"Санкт-Петербург, улица Савушкина, 112А",16.05.2026,"Напиток растительный PLANTO Миндальный 1,2%","169,99"
"Санкт-Петербург, улица Савушкина, 112А",16.05.2026,"Молоко пастеризованное ПРАВИЛЬНОЕ МОЛОКО 2,5%, без змж","99,99"
"Санкт-Петербург, улица Савушкина, 112А",16.05.2026,"Напиток кисломолочный ИМУНЕЛЕ Черника 1,2%, без змж","29,99"
"Санкт-Петербург, улица Савушкина, 112А",16.05.2026,"Напиток кисломолочный ДОЛГОЛЕТИЕ Айран Турецкий 1,8%, без змж","38,99"
"Санкт-Петербург, улица Савушкина, 112А",16.05.2026,"Биойогурт питьевой PARMALAT Comfort безлактозный Клубника 1,5%, без змж","82,99"
"Санкт-Петербург, улица Савушкина, 112А",16.05.2026,"Сырок творожный глазированный ВКУСНОТЕЕВО Премиум с вареным сгущенным молоком 16%, без змж","42,99"
"Санкт-Петербург, улица Савушкина, 112А",16.05.2026,"Творог ПРОСТОКВАШИНО Традиционный 9%, без змж","129,99"
"Санкт-Петербург, улица Савушкина, 112А",16.05.2026,"Йогурт питьевой ЭКОНИВА 2,8%, без змж","64,99"
"Санкт-Петербург, улица Савушкина, 112А",16.05.2026,"Йогурт EPICA Crispy с клубникой и кокосом 7,3%, без змж","74,99"
"Санкт-Петербург, улица Савушкина, 112А",16.05.2026,"Напиток кисломолочный ФРУГУРТ со вкусом черники 1%, без змж","109,99"
"Санкт-Петербург, улица Савушкина, 112А",16.05.2026,"Биойогурт АКТИБИО Натуральный 3,5%, без змж","62,99"
"Санкт-Петербург, улица Савушкина, 112А",16.05.2026,Напиток соевый GREEN MILK со вкусом банана,"114,99"
"Санкт-Петербург, улица Савушкина, 112А",16.05.2026,"Сливки СВЕЖЕЕ ЗАВТРА Professional 10%, без змж","189,99"
"Санкт-Петербург, улица Савушкина, 112А",16.05.2026,"Творог САВУШКИН Хуторок 9%, без змж","139,99"
"Санкт-Петербург, улица Савушкина, 112А",16.05.2026,"Коктейль молочный ДОБРЯТА Карамель 2,3%, без змж","39,99"
"Санкт-Петербург, улица Савушкина, 112А",16.05.2026,"Напиток растительный PLANTO Barista Миндальный 1,2%","179,99"
"Санкт-Петербург, улица Савушкина, 112А",16.05.2026,"Сырок глазированный ЧУДО со вкусом ванили 25,6%, без змж","46,99"
"Санкт-Петербург, улица Савушкина, 112А",16.05.2026,"Продукт творожный EXPONENTA Топленое молоко, с бифидобактериями ВВ-12, обезжиренный, без змж","129,99"
"Санкт-Петербург, улица Савушкина, 112А",16.05.2026,"Масло сливочное МИНСКАЯ МАРКА 82,5%, без змж","239,99"
"Санкт-Петербург, улица Савушкина, 112А",16.05.2026,"Напиток молочный кофейный NATURA SELECTION Latte Банан, карамель 2,4%, без змж","154,99"
"Санкт-Петербург, улица Савушкина, 112А",16.05.2026,"Коктейль молочный для детей РАСТИШКА Клубника 2%, без змж","48,99"
"Санкт-Петербург, улица Савушкина, 112А",16.05.2026,"Ряженка ХОЗЯЙСТВО ВАСИЛЬЕВОЙ с грушей и ванилью 3,6%, без змж","109,99"
"Санкт-Петербург, улица Савушкина, 112А",16.05.2026,"Кефир СЕЛО ЗЕЛЕНОЕ 3,2%, без змж","109,99"
"Санкт-Петербург, улица Савушкина, 112А",16.05.2026,"Йогурт СЕЛО ЗЕЛЕНОЕ Клубника, миндаль, злаки 3,2%, без змж","69,99"
"Санкт-Петербург, улица Савушкина, 112А",16.05.2026,"Молоко пастеризованное ЭКОМИЛК 3,2%, без змж","84,99"
"Санкт-Петербург, улица Савушкина, 112А",16.05.2026,"Напиток сывороточный СЕЛО ЗЕЛЕНОЕ Ананас, без змж","62,99"
"Санкт-Петербург, улица Савушкина, 112А",16.05.2026,"Молоко ультрапастеризованное ЛЕНТА LIFE отборное цельное с витаминами 3,4–4,2%, без змж","96,99"
"Санкт-Петербург, улица Савушкина, 112А",16.05.2026,"Йогурт питьевой РАСТИШКА со вкусом малинового мороженого 2,8%, без змж","74,99"
"Санкт-Петербург, улица Савушкина, 112А",16.05.2026,"Сливки ультрапастеризованные ВЫБОР СЕМЬИ 10%, без змж","59,99"
"Санкт-Петербург, улица Савушкина, 112А",16.05.2026,"Масло сливочное СЕВЕРНОЕ МОЛОКО Крестьянское 72,5%, без змж","174,99"
"Санкт-Петербург, улица Савушкина, 112А",16.05.2026,"Творог для питания детей ФРУТОНЯНЯ Лесные ягоды 4,2%, без змж","47,99"
"Санкт-Петербург, улица Савушкина, 112А",16.05.2026,"Молоко пастеризованное МИНСКАЯ МАРКА 3,2%, без змж","89,99"
"Санкт-Петербург, улица Савушкина, 112А",16.05.2026,"Биотворог СВЕЖЕЕ ЗАВТРА Клубника, земляника 4,2%, без змж","46,99"
"Санкт-Петербург, улица Савушкина, 112А",16.05.2026,"Сырок творожный глазированный СВИТЛОГОРЬЕ с палермо в молочном шоколаде 23%, без змж","64,99"
"Санкт-Петербург, улица Савушкина, 112А",16.05.2026,"Сырок творожный глазированный РОСТАГРОЭКСПОРТ с молоком сгущенным вареным в молочном шоколаде 15%, без змж","54,99"
"Санкт-Петербург, улица Савушкина, 112А",16.05.2026,"Коктейль молочный РАСТИШКА Шоколадное мороженое 2%, без змж","48,99"
"Санкт-Петербург, улица Савушкина, 112А",16.05.2026,"Молоко пастеризованное БОЛЬШАЯ КРУЖКА 2,5%, без змж","79,99"
"Санкт-Петербург, улица Савушкина, 112А",16.05.2026,"Йогурт VIOLA Классический 3,4%, без змж","64,99"
"Санкт-Петербург, улица Савушкина, 112А",16.05.2026,"Творог для детей РАСТИШКА Земляника, черника 3,5% обогащенный, без змж","39,99"
"Санкт-Петербург, улица Савушкина, 112А",16.05.2026,"Яйцо куриное ВАУ МЯУ! витамины А,Е С2","64,99"
"Санкт-Петербург, улица Савушкина, 112А",16.05.2026,"Йогурт VIOLA Free Греческий безлактозный с апельсином и абрикосом 3%, без змж","79,99"
"Санкт-Петербург, улица Савушкина, 112А",16.05.2026,"Молоко сгущенное БЕЛОГОРЬЕ с сахаром 8,5%, без змж","99,99"
"Санкт-Петербург, улица Савушкина, 112А",16.05.2026,"Десерт творожный GRAND DUET Айскрим лав 9,1%, без змж","79,99"
"Санкт-Петербург, улица Савушкина, 112А",16.05.2026,"Напиток PLANTO Barista Фундук 1,7%, без змж","179,99"
"Санкт-Петербург, улица Савушкина, 112А",16.05.2026,"Масса творожная СВИТЛОГОРЬЕ с изюмом 14%, без змж","119,99"
"Санкт-Петербург, улица Савушкина, 112А",16.05.2026,"Йогурт ДАНИССИМО Фантазия Манго-маракуйя c шариками 6,9%, без змж","69,90"
"Санкт-Петербург, улица Савушкина, 112А",16.05.2026,"Йогурт питьевой VIOLA Free Клубника, ананас безлактозный 1,1%, без змж","79,99"
"Санкт-Петербург, улица Савушкина, 112А",16.05.2026,"Пирожное бисквитное MILKA Шоколадный перекус, с кремом из цельного молока в молочном шоколаде, без змж","79,99"
"Санкт-Петербург, улица Савушкина, 112А",16.05.2026,"Сметана ИЗ ВОЛОГДЫ Вологодская 25%, без змж","109,99"
"Санкт-Петербург, улица Савушкина, 112А",16.05.2026,"Десерт творожный GRAND DESERT Шоко трио 7,3%, без змж","79,99"
"Санкт-Петербург, улица Савушкина, 112А",16.05.2026,"Йогурт питьевой СВЕЖЕЕ ЗАВТРА Ананас безлактозный 1,5%, без змж","67,99"
"Санкт-Петербург, улица Савушкина, 112А",16.05.2026,"Ацидофилин ЛОСЕВО 3%, без змж","104,99"
"Санкт-Петербург, улица Савушкина, 112А",16.05.2026,"Масло топленое ЛЕНТА LIFE ГХИ 99%, без змж","549,99"
"Санкт-Петербург, улица Савушкина, 112А",16.05.2026,Сок охлажденный J7 Fresh Taste Яблоко осветленный,"209,99"
"Санкт-Петербург, улица Савушкина, 112А",16.05.2026,"Йогурт EPICA Натуральный 6%, без змж","46,99"
"Санкт-Петербург, улица Савушкина, 112А",16.05.2026,"Сырок творожный глазированный РОСТАГРОЭКСПОРТ Ваниль Диетический 5%, без змж","32,99"
"Санкт-Петербург, улица Савушкина, 112А",16.05.2026,Брауни А.РОСТАГРОКОМПЛЕКС с грецким орехом и карамелью,"88,99"
"Санкт-Петербург, улица Савушкина, 112А",16.05.2026,"Коктейль молочный ультрапастеризованный HYPER со вкусом Банана, обогащенный белком безлактозный, без змж","169,99"
"Санкт-Петербург, улица Савушкина, 112А",16.05.2026,Яйцо куриное ЛЕНТА FRESH Яркий желток С1,"69,99"
"Санкт-Петербург, улица Савушкина, 112А",16.05.2026,"Коктейль молочный для детей РАСТИШКА Ванильное мороженое 2%, без змж","48,99"
"Санкт-Петербург, улица Савушкина, 112А",16.05.2026,"Продукт молочный сгущенный 365 ДНЕЙ Сгущенка с сахаром 1%, без змж","83,99"
"Санкт-Петербург, улица Савушкина, 112А",16.05.2026,Продукт овсяный VELLE Печеное яблоко,"51,99"
"Санкт-Петербург, улица Савушкина, 112А",16.05.2026,"Сметана PARMALAT Comfort безлактозная 20%, без змж","139,99"
"Санкт-Петербург, улица Савушкина, 112А",16.05.2026,"Сырок творожный РУДИ с ароматом ванилина 23%, без змж","104,99"
"Санкт-Петербург, улица Савушкина, 112А",16.05.2026,"Напиток растительный PLANTO Соевый со вкусом ванильного пломбира 0,7%","179,99"
"Санкт-Петербург, улица Савушкина, 112А",16.05.2026,"Продукт растительный со сметаной 365 ДНЕЙ 15%, с змж","33,99"
"Санкт-Петербург, улица Савушкина, 112А",16.05.2026,"Продукт йогуртный FRUTTIS Суперэкстра Банана-сплит/Пина колада 8%, без змж","29,99"
"Санкт-Петербург, улица Савушкина, 112А",16.05.2026,"Напиток сывороточно-молочный МАЖИТЭЛЬ Мультифрукт 0,05%, без змж","119,99"
"Санкт-Петербург, улица Савушкина, 112А",16.05.2026,"Творог зерненый САВУШКИН Манго-чиа 3%, без змж","62,99"
"Санкт-Петербург, улица Савушкина, 112А",16.05.2026,"Сырок творожный глазированный LET'S GO Ваниль безлактозный с коллагеном 5%, без змж","58,99"
"Санкт-Петербург, улица Савушкина, 112А",16.05.2026,"Коктейль молочный ВАУ МЯУ! Шоколадный 3,2%, без змж","129,99"
"Санкт-Петербург, улица Савушкина, 112А",16.05.2026,"Масло сливочное ТЫСЯЧА ОЗЕР 82,5%, без змж","419,99"
"Санкт-Петербург, улица Савушкина, 112А",16.05.2026,"Творог рассыпчатый САВУШКИН 5%, без змж","284,99"
"Санкт-Петербург, улица Савушкина, 112А",16.05.2026,"Молоко ультрапастеризованное ПРОСТОКВАШИНО 3,2%, без змж","149,99"
"Санкт-Петербург, улица Савушкина, 112А",16.05.2026,"Сливки ультрапастеризованные BONVIDA Для взбивания 33%, без змж","509,99"
"Санкт-Петербург, улица Савушкина, 112А",16.05.2026,"Коктейль молочный ЧУДО Кокос, сливки 2%, без змж","54,99"
"Санкт-Петербург, улица Савушкина, 112А",16.05.2026,"Напиток кисломолочный ДЛЯ ВСЕЙ СЕМЬИ Абрикос 1%, без змж","129,99"
"Санкт-Петербург, улица Савушкина, 112А",16.05.2026,Напиток растительный NEMOLOKO Классический Лайт Рисовый,"109,99"
"Санкт-Петербург, улица Савушкина, 112А",16.05.2026,"Коктейль БОЛЬШАЯ КРУЖКА Банан, мороженое 3%, без змж","39,99"
"Санкт-Петербург, улица Савушкина, 112А",16.05.2026,"Масло сливочное ЭКОНИВА Наше дело 82,5%, без змж","149,99"
"Санкт-Петербург, улица Савушкина, 112А",16.05.2026,"Молоко ультрапастеризованное PARMALAT Dietalat Edge 0,5%, без змж","149,99"
"Санкт-Петербург, улица Савушкина, 112А",16.05.2026,"Десерт глазированный 365 ДНЕЙ с ароматом ванили 23%, с змж","14,99"
"Санкт-Петербург, улица Савушкина, 112А",16.05.2026,"Напиток кисломолочный 365 ДНЕЙ Айран негазированный 0,1%, без змж","59,99"
"Санкт-Петербург, улица Савушкина, 112А",16.05.2026,"Продукт кисломолочный ISEY SKYR с печеным яблоком 1,2%, без змж","99,99"
"Санкт-Петербург, улица Савушкина, 112А",16.05.2026,"Десерт творожный EPICA Flavorite Соленая карамель 7,6%, без змж","57,99"
"Санкт-Петербург, улица Савушкина, 112А",16.05.2026,"Сырок творожный глазированный САФIЙКА Ваниль 26%, без змж","44,99"
"Санкт-Петербург, улица Савушкина, 112А",16.05.2026,"Маргарин ХОЗЯЮШКА Нижегородский Сливочный 60%, с змж","99,99"
"Санкт-Петербург, улица Савушкина, 112А",16.05.2026,"Йогурт ЛЕНТА FRESH с вишней 2,7%, без змж","104,99"
"Санкт-Петербург, улица Савушкина, 112А",16.05.2026,"Напиток растительный PLANTO Фисташковый пломбир 0,7%","179,99"
"Санкт-Петербург, улица Савушкина, 112А",16.05.2026,"Молоко ультрапастеризованное ДОМИК В ДЕРЕВНЕ Для капучино 3,2%, без змж","139,99"
"Санкт-Петербург, улица Савушкина, 112А",16.05.2026,"Коктейль молочный БОЛЬШАЯ КРУЖКА Пломбир с мороженым 3%, без змж","139,99"
"Санкт-Петербург, улица Савушкина, 112А",16.05.2026,"Десерт из сливок КОЛОМЕНСКОЕ Крем-брюле 13%, без змж","124,99"
"Санкт-Петербург, улица Савушкина, 112А",16.05.2026,Масло кокосовое DELICATO рафинированное отбеленное дезодорированное,"199,99"
"Санкт-Петербург, улица Савушкина, 112А",16.05.2026,"Творог ГАРМОНИЯ 5%, без змж","209,99"
"Санкт-Петербург, улица Савушкина, 112А",16.05.2026,"Молоко сгущенное ЛЕНТА цельное с сахаром 8,5% без змж","159,99"
"Санкт-Петербург, улица Савушкина, 112А",16.05.2026,"Йогурт СЕЛО ЗЕЛЕНОЕ Персик, курага, орехи, мед 3,2%, без змж","78,99"
"Санкт-Петербург, улица Савушкина, 112А",16.05.2026,"Масло сливочное ЭКОМИЛК Шоколадное 62%, без змж","199,99"
"Санкт-Петербург, улица Савушкина, 112А",16.05.2026,"Коктейль молочный САВУШКИН Топ шейк Кокос 2%, без змж","89,99"
"Санкт-Петербург, улица Савушкина, 112А",16.05.2026,"Творог ХОЗЯЙСТВО ВАСИЛЬЕВОЙ из топленого молока 9%, без змж","144,99"
"Санкт-Петербург, улица Савушкина, 112А",16.05.2026,"Творог КФХ ГЕОРГИЕВ 5%, без змж","259,99"
"Санкт-Петербург, улица Савушкина, 112А",16.05.2026,"Десерт с творогом 365 ДНЕЙ Масса домашняя с курагой 23%, с змж","59,99"
"Санкт-Петербург, улица Савушкина, 112А",16.05.2026,"Сметана ХОЗЯЙСТВО ВАСИЛЬЕВОЙ А.В. 20%, без змж","67,99"
"Санкт-Петербург, улица Савушкина, 112А",16.05.2026,"Смесь растительно-жировая топленая ХОЗЯЮШКА 99,7%","139,99"
"Санкт-Петербург, улица Савушкина, 112А",16.05.2026,"Продукт йогуртный пастеризованный FRUTTIS Вкусный перерыв Малина, черника с топпером 2,5%, без змж","69,99"
"Санкт-Петербург, улица Савушкина, 112А",16.05.2026,"Йогурт ЛЕНТА FRESH Греческий 4%, без змж","49,99"
"Санкт-Петербург, улица Савушкина, 112А",16.05.2026,"Сливки сгущенные РОГАЧЕВЪ с сахаром 19%, без змж","179,99"
"Санкт-Петербург, улица Савушкина, 112А",16.05.2026,"Десерт из сливок КОЛОМЕНСКОЕ Тирамису 13%, без змж","124,99"
"Санкт-Петербург, улица Савушкина, 112А",16.05.2026,"Коктейль молочный LET'S GO Шоколад высокобелковый без лактозы, без сахара, без змж","149,99"
"Санкт-Петербург, улица Савушкина, 112А",16.05.2026,"Коктейль молочный пастеризованный ЭКОМИЛК Клубничный 2%, без змж","134,99"
"Санкт-Петербург, улица Савушкина, 112А",16.05.2026,"Напиток растительный PLANTO Карамель 0,7%","159,99"
"Санкт-Петербург, улица Савушкина, 112А",16.05.2026,"Сливки ультрапастеризованные VIOLA 10%, без змж","59,99"
"Санкт-Петербург, улица Савушкина, 112А",16.05.2026,"Молоко сгущенное РОГАЧЕВЪ с натуральным кофе 7%, без змж","214,99"
"Санкт-Петербург, улица Савушкина, 112А",16.05.2026,"Масло сливочное ЛЕНТА высший сорт 82,5% ГОСТ, без змж","399,99"
"Санкт-Петербург, улица Савушкина, 112А",16.05.2026,"Трубочка для молока ЕДИНОРОЖКИ Ягодный микс, без змж","54,99"
"Санкт-Петербург, улица Савушкина, 112А",16.05.2026,"Йогурт питьевой СВЕЖЕЕ ЗАВТРА Гранат, малина безлактозный 1,5%, без змж","67,99"
"Санкт-Петербург, улица Савушкина, 112А",16.05.2026,"Коктейль молочный ЧУДО Капучино 2%, без змж","89,99"
"Санкт-Петербург, улица Савушкина, 112А",16.05.2026,"Сливки ультрапастеризованные ПЕТМОЛ Для взбивания 33%, без змж","564,99"
"Санкт-Петербург, улица Савушкина, 112А",16.05.2026,"Йогурт питьевой РАСТИШКА Клубника, малина, земляника 1,6%, без змж","27,99"
"Санкт-Петербург, улица Савушкина, 112А",16.05.2026,"Напиток растительный PLANTO Кокосовый с рисом 0,9%","169,99"
"Санкт-Петербург, улица Савушкина, 112А",16.05.2026,"Молоко ультрапастеризованное ПРОСТОКВАШИНО 2,5%, без змж","139,99"
"Санкт-Петербург, улица Савушкина, 112А",16.05.2026,"Сырок творожный глазированный А.РОСТАГРОКОМПЛЕКС Малина в молочном шоколаде 26%, без змж","64,99"
"Санкт-Петербург, улица Савушкина, 112А",16.05.2026,Продукт творогосодержащий ДЛЯ ЗАВТРАКА Для сырников и запеканок 23%,"129,99"
"Санкт-Петербург, улица Савушкина, 112А",16.05.2026,"Йогурт ЧУДО Банан, клубника, манго 2%, без змж","83,99"
"Санкт-Петербург, улица Савушкина, 112А",16.05.2026,"Продукт молокосодержащий 365 ДНЕЙ Сгущенка с сахаром 1%, без змж","45,99"
"Санкт-Петербург, улица Савушкина, 112А",16.05.2026,"Продукт биокефирный ДОМИК В ДЕРЕВНЕ 1%, без змж","99,99"
"Санкт-Петербург, улица Савушкина, 112А",16.05.2026,"Йогурт термостатный КОЛОМЕНСКИЙ Земляника 5%, без змж","139,99"
"Санкт-Петербург, улица Савушкина, 112А",16.05.2026,"Йогурт питьевой VIOLA Clean Label с манго 0,8%, без змж","69,99"
"Санкт-Петербург, улица Савушкина, 112А",16.05.2026,"Продукт йогуртный FRUTTIS Клубника/Персик 5%, без змж","27,99"
"Санкт-Петербург, улица Савушкина, 112А",16.05.2026,"Напиток молочный COFFEE BREAK Cappuccino 1,3%, без змж","78,99"
"Санкт-Петербург, улица Савушкина, 112А",16.05.2026,"Биойогурт детский ТЕМА Банан, земляника 2,5%, без змж","44,99"
"Санкт-Петербург, улица Савушкина, 112А",16.05.2026,"Коктейль молочный ультрапастеризованный ВАУ МЯУ! Ванильное мороженое 3,2%, без змж","32,99"
"Санкт-Петербург, улица Савушкина, 112А",16.05.2026,"Коктейль молочный NEO Карамель, латте высокобелковый 0,3%, без змж","139,99"
"Санкт-Петербург, улица Савушкина, 112А",16.05.2026,"Биотворог ДОБРЯТА Клубника 4,2%, без змж","35,99"
"Санкт-Петербург, улица Савушкина, 112А",16.05.2026,"Продукт йогуртный CAMPINA Нежный с соком вишни 1,2%, без змж","19,99"
"Санкт-Петербург, улица Савушкина, 112А",16.05.2026,"Коктейль молочный РАСТИШКА Бананово-клубничное мороженое 2%, без змж","48,99"
"Санкт-Петербург, улица Савушкина, 112А",16.05.2026,Молоко VIOLA UHT обезжиренное,"139,99"
"Санкт-Петербург, улица Савушкина, 112А",16.05.2026,"Молоко ультрапастеризованное 365 ДНЕЙ 2,5%, без змж","31,99"
"Санкт-Петербург, улица Савушкина, 112А",16.05.2026,"Молоко пастеризованное БУРЕНКИНО 3,2%, без змж","64,99"
"Санкт-Петербург, улица Савушкина, 112А",16.05.2026,"Биотворог ДОБРЯТА Персик 4,2%, без змж","35,99"
"Санкт-Петербург, улица Савушкина, 112А",16.05.2026,"Продукт йогуртный FRUTTIS Вишня/Черника 5%, без змж","27,99"
"Санкт-Петербург, улица Савушкина, 112А",16.05.2026,"Молоко пастеризованное топленое ЛЕНТА 3,2%, без змж","54,99"
"Санкт-Петербург, улица Савушкина, 112А",16.05.2026,"Соус G-BALANCE Греческий Дзадзики 6–8%, без змж","154,99"
"Санкт-Петербург, улица Савушкина, 112А",16.05.2026,"Напиток кисломолочный LET'S GO Малина, пломбир безлактозный высокобелковый обезжиренный, без змж","169,99"
"Санкт-Петербург, улица Савушкина, 112А",16.05.2026,"Коктейль молочный ЧУДО Ванильный пломбир 2%, без змж","149,99"
"Санкт-Петербург, улица Савушкина, 112А",16.05.2026,"Йогурт питьевой ЧУДО Клубника, киви 1,9%, без змж","134,99"
"Санкт-Петербург, улица Савушкина, 112А",16.05.2026,"Масло сливочное ВЫБОР СЕМЬИ 72,5%, без змж","349,99"
"Санкт-Петербург, улица Савушкина, 112А",16.05.2026,"Йогурт термостатный КОЛОМЕНСКИЙ Черника 5%, без змж","139,99"
"Санкт-Петербург, улица Савушкина, 112А",16.05.2026,"Йогурт питьевой БУРЕНКИНО Абрикос 1%, без змж","79,99"
"Санкт-Петербург, улица Савушкина, 112А",16.05.2026,"Творог ЛЕНТА FRESH с манго 3,2%, без змж","89,99"
"Санкт-Петербург, улица Савушкина, 112А",16.05.2026,"Масса творожная А.РОСТАГРОКОМПЛЕКС Особая с изюмом 23%, без змж","96,99"
"Санкт-Петербург, улица Савушкина, 112А",16.05.2026,"Продукт ряженковый ПРОСТОКВАШИНО со вкусом ванили 6%, без змж","57,99"
"Санкт-Петербург, улица Савушкина, 112А",16.05.2026,"Напиток растительный ZINUS VEGAN Кокосовое 19%, с змж","109,99"
"Санкт-Петербург, улица Савушкина, 112А",16.05.2026,"Йогурт питьевой АКТИБИО с малиной, без лактозы 1,5%, без змж","59,99"
"Санкт-Петербург, улица Савушкина, 112А",16.05.2026,"Сметана ЛОСЕВО 20%, без змж","159,99"
"Санкт-Петербург, улица Савушкина, 112А",16.05.2026,"Творог ХОЗЯЙСТВО ВАСИЛЬЕВОЙ с клубникой 3,2%, без змж","84,99"
"Санкт-Петербург, улица Савушкина, 112А",16.05.2026,"Йогурт питьевой МАМА ЛАМА Клубника, банан 2,5%, без змж","48,99"
"Санкт-Петербург, улица Савушкина, 112А",16.05.2026,"Кефир СЕЛО ЗЕЛЕНОЕ 1%, без змж","99,99"
"Санкт-Петербург, улица Савушкина, 112А",16.05.2026,Маргарин ЛЕНТА 72%,"49,99"
"Санкт-Петербург, улица Савушкина, 112А",16.05.2026,"Продукт из творога 365 ДНЕЙ несладкий 24%, с змж","109,99"
"Санкт-Петербург, улица Савушкина, 112А",16.05.2026,"Десерт молочный ПОТРЯСНЫЙ Котик фигурный Клубничный 6,5%, без змж","139,99"
"Санкт-Петербург, улица Савушкина, 112А",16.05.2026,"Йогурт питьевой ЧУДО Банан, клубника, манго 1,9%, без змж","59,99"
"Санкт-Петербург, улица Савушкина, 112А",16.05.2026,"Сырок творожный глазированный ТВОРОБУШКИ Молоко сгущенное вареное 20%, без змж","32,99"
"Санкт-Петербург, улица Савушкина, 112А",16.05.2026,"Продукт творожный ЭКОНИВА Малина, земляника 5%, без змж","62,99"
"Санкт-Петербург, улица Савушкина, 112А",16.05.2026,"Творог для детей РАСТИШКА Клубника 3,5% обогащенный, без змж","39,99"
"Санкт-Петербург, улица Савушкина, 112А",16.05.2026,"Йогурт питьевой ЧУДО Персик, абрикос 1,9%, без змж","134,99"
"Санкт-Петербург, улица Савушкина, 112А",16.05.2026,"Йогурт СВЕЖЕЕ ЗАВТРА Черничный маффин 7%, без змж","61,99"
"Санкт-Петербург, улица Савушкина, 112А",16.05.2026,"Суфле молочное ЗАВОД ИМЕНИ ПАСТУХОВА с клубникой в молочном бельгийском шоколаде, без змж","99,99"
"Санкт-Петербург, улица Савушкина, 112А",16.05.2026,"Напиток кисломолочный EXPONENTA BIO-SKYR 3в1 Клубника, киви обезжиренный с высоким содержанием белка, без змж","179,99"
"Санкт-Петербург, улица Савушкина, 112А",16.05.2026,"Пудинг НЕЖНЫЙ Карамельный 2,8%, без змж","36,99"
"Санкт-Петербург, улица Савушкина, 112А",16.05.2026,"Напиток сывороточный МАЖИТЕЛЬ Яблоко, лайм, мята, без змж","119,99"
"Санкт-Петербург, улица Савушкина, 112А",16.05.2026,"Суфле молочное ЗАВОД ИМЕНИ ПАСТУХОВА с черникой, без змж","99,99"
"Санкт-Петербург, улица Савушкина, 112А",16.05.2026,"Продукт йогуртный FRUTTIS Суперэкстра Клубника/Яблоко, груша 8%, без змж","29,99"
"Санкт-Петербург, улица Савушкина, 112А",16.05.2026,"Сырок творожный глазированный DELISSE с кокосом 26%, без змж","39,99"
"Санкт-Петербург, улица Савушкина, 112А",16.05.2026,"Напиток миндальный ОВСЯША на овсяной основе обогащенный кальцием 1,5%","124,99"
"Санкт-Петербург, улица Савушкина, 112А",16.05.2026,"Кефир БУРЕНКИНО 1%, без змж","36,99"
"Санкт-Петербург, улица Савушкина, 112А",16.05.2026,"Продукт кисломолочный ДОМИК В ДЕРЕВНЕ Биолакт Персик 2,1%, без змж","48,99"
"Санкт-Петербург, улица Савушкина, 112А",16.05.2026,"Сливки ультрапастеризованные ВЫБОР СЕМЬИ 20%, без змж","79,99"
"Санкт-Петербург, улица Савушкина, 112А",16.05.2026,"Коктейль ДОБРЯТА Клубника, банан 2,3%, без змж","35,99"
"Санкт-Петербург, улица Савушкина, 112А",16.05.2026,"Суфле молочное ЗАВОД ИМЕНИ ПАСТУХОВА Original с ванилью в молочном бельгийском шоколаде, без змж","77,99"
"Санкт-Петербург, улица Савушкина, 112А",16.05.2026,Молоко сгущенное ГЛАВПРОДУКТ цельное с сахаром без змж ГОСТ,"119,99"
"Санкт-Петербург, улица Савушкина, 112А",16.05.2026,"Молоко ультрапастеризованное ВКУСНОТЕЕВО 3,2%, без змж","114,99"
"Санкт-Петербург, улица Савушкина, 112А",16.05.2026,"Морс охлажденный J7 Fresh Taste Клюква, черника, черноплодная рябина, ежевика","199,99"
"Санкт-Петербург, улица Савушкина, 112А",16.05.2026,"Молоко пастеризованное ЛОСЕВО 2,5%, без змж","144,99"
"Санкт-Петербург, улица Савушкина, 112А",16.05.2026,"Молоко козье ультрапастеризованное EL'NATUR цельное 2,8–5,6%, без змж","129,99"
"Санкт-Петербург, улица Савушкина, 112А",16.05.2026,"Напиток кисломолочный EXPONENTA BIO-SKYR 3в1 обезжиренный с высоким содержанием белка, без змж","179,99"
"Санкт-Петербург, улица Савушкина, 112А",16.05.2026,"Кефир МОЛОЧНАЯ КУЛЬТУРА 3,5–4,5%, без змж","114,99"
"Санкт-Петербург, улица Савушкина, 112А",16.05.2026,"Пирожное бисквитное OREO с молочной начинкой и кусочками печенья, без змж","79,99"
"Санкт-Петербург, улица Савушкина, 112А",16.05.2026,"Сметана АНФИСКИНО 15%, без змж","69,99"
"Санкт-Петербург, улица Савушкина, 112А",16.05.2026,"Закваска САМОКВАШИНО Биойогурт Домашний, без змж","43,99"
"Санкт-Петербург, улица Савушкина, 112А",16.05.2026,"Йогурт для детей РАСТИШКА Яблоко, груша 3%, без змж","36,99"
"Санкт-Петербург, улица Савушкина, 112А",16.05.2026,"Крем-десерт КОРОВКА ИЗ КОРЕНОВКИ с какао в вафельном рожке 25%, без змж","43,99"
"Санкт-Петербург, улица Савушкина, 112А",16.05.2026,"Снежок ЛЮБОНИ 2,5%, без змж","79,99"
"Санкт-Петербург, улица Савушкина, 112А",16.05.2026,"Продукт йогуртный FRUTTIS Суперэкстра Вишневый пломбир/Груша, ваниль 8%, без змж","29,99"
"Санкт-Петербург, улица Савушкина, 112А",16.05.2026,"Молоко ультрапастеризованное топленое ЛЕНТА 3,2%, без змж","119,99"
"Санкт-Петербург, улица Савушкина, 112А",16.05.2026,"Йогурт МОЛОЧНАЯ КУЛЬТУРА с персиком и манго с гранолой и изюмом 2,7–3,5%, без змж","83,99"
"Санкт-Петербург, улица Савушкина, 112А",16.05.2026,"Коктейль молочный САВУШКИН Топ шейк Пломбир 2%, без змж","89,99"
"Санкт-Петербург, улица Савушкина, 112А",16.05.2026,"Йогурт питьевой ЧУДО Ягодное мороженое 1,9%, без змж","134,99"
"Санкт-Петербург, улица Савушкина, 112А",16.05.2026,"Ряженка ЛОСЕВО 3,5%, без змж","95,99"
"Санкт-Петербург, улица Савушкина, 112А",16.05.2026,"Коктейль молочный ультрапастеризованный GRAND COCKTAIL со вкусом ванильный пломбир 4%, без змж","84,99"
"Санкт-Петербург, улица Савушкина, 112А",16.05.2026,Яйцо куриное САРАТОВ ПТИЦА Самое С1,"152,99"
"Санкт-Петербург, улица Савушкина, 112А",16.05.2026,"Творог СТОЛЫПИНСКАЯ ФЕРМА 5%, без змж","244,99"
"Санкт-Петербург, улица Савушкина, 112А",16.05.2026,"Коктейль молочный ЧУДО Орех, латте 2%, без змж","89,99"
"Санкт-Петербург, улица Савушкина, 112А",16.05.2026,"Коктейль молочный БОЛЬШАЯ КРУЖКА Банан с мороженым 3%, без змж","139,99"
"Санкт-Петербург, улица Савушкина, 112А",16.05.2026,"Крем творожный взбитый BELA BOVINO Клубника 3%, без змж","67,99"
"Санкт-Петербург, улица Савушкина, 112А",16.05.2026,"Йогурт КОЛОМЕНСКИЙ Манго 5%, без змж","99,99"
"Санкт-Петербург, улица Савушкина, 112А",16.05.2026,"Сметана ЛЕНТА 10%, без змж","67,99"
"Санкт-Петербург, улица Савушкина, 112А",16.05.2026,"Маргарин ЧУДЕСНИЦА универсальный 55%, без змж","31,57"
"Санкт-Петербург, улица Савушкина, 112А",16.05.2026,"Крем взбитый ультрапастеризованный HULALA на растительном масле 24%, с змж","379,99"
"Санкт-Петербург, улица Савушкина, 112А",16.05.2026,Коктейль молочный ультрапастеризованный SHOCK MILK Ваниль высокобелковый обезжиренный,"170,99"
"Санкт-Петербург, улица Савушкина, 112А",16.05.2026,"Йогурт питьевой РАСТИШКА Бананово-клубничное мороженое 2,8%, без змж","74,99"
"Санкт-Петербург, улица Савушкина, 112А",16.05.2026,"Творог рассыпчатый САВУШКИН ПРОДУКТ Савушкин Хуторок 9%, без змж","159,99"
"Санкт-Петербург, улица Савушкина, 112А",16.05.2026,Продукт молокосодержащий ЛЕНТА Мягкая карамель 5% без змж,"139,99"
"Санкт-Петербург, улица Савушкина, 112А",16.05.2026,"Молоко ультрапастеризованное ДОМИК В ДЕРЕВНЕ 6%, без змж","199,99"
"Санкт-Петербург, улица Савушкина, 112А",16.05.2026,Молоко сгущенное безлактозное РОГАЧЕВЪ,"189,99"
"Санкт-Петербург, улица Савушкина, 112А",16.05.2026,"Йогурт питьевой ЧУДО Клубника, земляника 1,9%, без змж","134,99"
"Санкт-Петербург, улица Савушкина, 112А",16.05.2026,"Напиток на растительной основе BONVIDA Barista Фундук 1,8%","129,99"
"Санкт-Петербург, улица Савушкина, 112А",16.05.2026,"Пудинг GRAND DESERT Фисташка и сливочно-малиновый мусс 4,7%, без змж","99,99"
"Санкт-Петербург, улица Савушкина, 112А",16.05.2026,"Кефир СЕЛО ЗЕЛЕНОЕ 2,5%, без змж","94,99"
"Санкт-Петербург, улица Савушкина, 112А",16.05.2026,"Творог рассыпчатый МИНСКАЯ МАРКА 9%, без змж","189,99"
"Санкт-Петербург, улица Савушкина, 112А",16.05.2026,Напиток кисломолочный MOLVEST Protein max Латте макиато высокобелковый обезжиренный без лактозы,"159,99"
"Санкт-Петербург, улица Савушкина, 112А",16.05.2026,"Молоко пастеризованное ЛЮБОНИ 4,2%, без змж","129,99"
"Санкт-Петербург, улица Савушкина, 112А",16.05.2026,"Масло сливочное ИЗ ВОЛОГДЫ Крестьянское 72,5%, без змж","249,99"
"Санкт-Петербург, улица Савушкина, 112А",16.05.2026,"Продукт йогуртный FRUTTIS Суперэкстра Абрикос, манго/Лесные ягоды 8%, без змж","29,99"
"Санкт-Петербург, улица Савушкина, 112А",16.05.2026,"Сливки ультрапастеризованные ПРОСТОКВАШИНО 10%, без змж","189,99"
"Санкт-Петербург, улица Савушкина, 112А",16.05.2026,"Молоко пастеризованное ЛОСЕВО 3,5%, без змж","134,99"
"Санкт-Петербург, улица Савушкина, 112А",16.05.2026,"Напиток молочный МОЛОЧНАЯ КУЛЬТУРА Пина Колада безлактозный высокобелковый обезжиренный, без змж","109,99"
"Санкт-Петербург, улица Савушкина, 112А",16.05.2026,"Напиток кисломолочный EXPONENTA High-Pro обезжиренный с высоким содержанием белка, без змж","154,99"
"Санкт-Петербург, улица Савушкина, 112А",16.05.2026,Продукт овсяный ферментированный питьевой VELLE Облепиха,"64,99"
"Санкт-Петербург, улица Савушкина, 112А",16.05.2026,"Сливки ультрапастеризованные BONVIDA 20%, без змж","379,99"
"Санкт-Петербург, улица Савушкина, 112А",16.05.2026,"Молоко ультрапастеризованное ЛЕНТА 1,5%, без змж","84,99"
"Санкт-Петербург, улица Савушкина, 112А",16.05.2026,"Крем творожный взбитый BELA BOVINO Манго 3%, без змж","67,99"
"Санкт-Петербург, улица Савушкина, 112А",16.05.2026,"Коктейль молочный ультрапастеризованный HYPER со вкусом Шоколада, обогащенный белком безлактозный, без змж","169,99"
"Санкт-Петербург, улица Савушкина, 112А",16.05.2026,"Молоко ультрапастеризованное BONVIDA Для капучино 3,2%, без змж","119,99"
"Санкт-Петербург, улица Савушкина, 112А",16.05.2026,"Продукт йогуртный FRUTTIS Вкусный перерыв Клубника, земляника с топпером 2,5%, без змж","69,99"
"Санкт-Петербург, улица Савушкина, 112А",16.05.2026,"Сметана СТОЛЫПИНСКАЯ ФЕРМА 20%, без змж","244,99"
"Санкт-Петербург, улица Савушкина, 112А",16.05.2026,"Йогурт LACTICA Греческий Натуральный 4%, без змж","114,99"
"Санкт-Петербург, улица Савушкина, 112А",16.05.2026,"Сметана МИНСКАЯ МАРКА 15%, без змж","124,99"
"Санкт-Петербург, улица Савушкина, 112А",16.05.2026,"Сметана СТОЛЫПИНСКАЯ ФЕРМА 20%, без змж","154,99"
"Санкт-Петербург, улица Савушкина, 112А",16.05.2026,"Продукт йогуртный пастеризованный FRUTTIS Клубника с желейными шариками, с соком клубники 4,4%, без змж","97,99"
"Санкт-Петербург, улица Савушкина, 112А",16.05.2026,"Продукт творожный ЭКОНИВА Черника 5%, без змж","62,99"
"Санкт-Петербург, улица Савушкина, 112А",16.05.2026,"Молоко пастеризованное СЕВЕРНАЯ ДОЛИНА безлактозное 1,5%, без змж","59,99"
"Санкт-Петербург, улица Савушкина, 112А",16.05.2026,"Йогурт САВУШКИН Суперкид Ваниль, конфеты с топпером 2%, без змж","65,99"
"Санкт-Петербург, улица Савушкина, 112А",16.05.2026,"Кефир ЛЮБОНИ 2,5%, без змж","149,99"
"Санкт-Петербург, улица Савушкина, 112А",16.05.2026,Напиток соевый NEMOLOKO Barista с бананом обогащенный витаминами и минеральными веществами,"114,99"
"Санкт-Петербург, улица Савушкина, 112А",16.05.2026,Яйцо куриное ПАВЛОВСКАЯ КУРОЧКА CО,"132,99"
"Санкт-Петербург, улица Савушкина, 112А",16.05.2026,"Продукт растительно-сливочный КРЕСТЬЯНСКИЕ УЗОРЫ 72,5%, с змж","179,99"
"Санкт-Петербург, улица Савушкина, 112А",16.05.2026,"Сметана БОЛЬШАЯ КРУЖКА 20%, без змж","53,99"
"Санкт-Петербург, улица Савушкина, 112А",16.05.2026,"Молоко сгущенное АЛЕКСЕЕВСКОЕ цельное с сахаром 8,5%, без змж ГОСТ","139,99"
"Санкт-Петербург, улица Савушкина, 112А",16.05.2026,"Продукт йогуртный пастеризованный ВЫБОР СЕМЬИ с соком персика и маракуйи 2,5%, без змж","26,99"
"Санкт-Петербург, улица Савушкина, 112А",16.05.2026,"Сливки стерилизованные ДОМИК В ДЕРЕВНЕ 10%, без змж","74,99"
"Санкт-Петербург, улица Савушкина, 112А",16.05.2026,Спред VOIMIX 60% с змж,"209,99"
"Санкт-Петербург, улица Савушкина, 112А",16.05.2026,"Сливки ультрапастеризованные ВЫБОР СЕМЬИ 33%, без змж","119,99"
"Санкт-Петербург, улица Савушкина, 112А",16.05.2026,"Молоко ультрапастеризованное КОЗОЧКА С ОБЛАЧКА козье цельное 2,8–5,6%, без змж","58,99"
"Санкт-Петербург, улица Савушкина, 112А",16.05.2026,"Продукт растительный со сметаной 365 ДНЕЙ 20%, с змж","193,99"
"Санкт-Петербург, улица Савушкина, 112А",16.05.2026,Сливки сгущенные ЛЕНТА с сахаром 19% без змж,"179,99"
"Санкт-Петербург, улица Савушкина, 112А",16.05.2026,"Продукт творожный ЭКОНИВА Вишня, черешня 5%, без змж","62,99"
"Санкт-Петербург, улица Савушкина, 112А",16.05.2026,"Творог Деревенский обезжиренный в марле, без змж","179,99"
"Санкт-Петербург, улица Савушкина, 112А",16.05.2026,"Напиток сывороточный АКТУАЛЬ Сыворотка+Сок Персик и маракуйя с соком, без змж","104,99"
"Санкт-Петербург, улица Савушкина, 112А",16.05.2026,"Напиток растительный HI с кокосом 1,8%","109,99"
"Санкт-Петербург, улица Савушкина, 112А",16.05.2026,"Запеканка творожная А.РОСТАГРОКОМПЛЕКС с ванилью 16%, без змж","99,99"
"Санкт-Петербург, улица Савушкина, 112А",16.05.2026,"Молоко стерилизованное детское АГУША 2,5% обогащенное витаминами и йодом, с 8 месяцев, без змж","39,99"
"Санкт-Петербург, улица Савушкина, 112А",16.05.2026,"Напиток сывороточный МАЖИТЭЛЬ Апельсин, клюква, мята, без змж","119,99"
"Санкт-Петербург, улица Савушкина, 112А",16.05.2026,"Сливки ультрапастеризованные ПРОСТОКВАШИНО 10%, без змж","69,99"
"Санкт-Петербург, улица Савушкина, 112А",16.05.2026,"Сметана РОСТАГРОЭКСПОРТ 20%, без змж","114,99"
"Санкт-Петербург, улица Савушкина, 112А",16.05.2026,"Продукт кисломолочный ДОМИК В ДЕРЕВНЕ Снежок 2,5%, без змж","49,99"
"Санкт-Петербург, улица Савушкина, 112А",16.05.2026,"Масло сливочное BONVIDA 82,5% ГОСТ, без змж","949,99"
"Санкт-Петербург, улица Савушкина, 112А",16.05.2026,Пирожное бисквитное KINDER Paradiso с молочной начинкой,"94,99"
"Санкт-Петербург, улица Савушкина, 112А",16.05.2026,Крем VEG'S Family со вкусом сметаны на основе кокосового масла,"86,99"
"Санкт-Петербург, улица Савушкина, 112А",16.05.2026,Яйцо куриное КРАСНОЕ ЗНАМЯ СО столовое,"126,31"
"Санкт-Петербург, улица Савушкина, 112А",16.05.2026,Напиток на растительной основе VELLE Специальный Овсяный Банановый,"144,99"
"Санкт-Петербург, улица Савушкина, 112А",16.05.2026,"Сметана РЕЗНОЙ ПАЛИСАД 20%, без змж","94,99"
"Санкт-Петербург, улица Савушкина, 112А",16.05.2026,"Коктейль молочный ЧУДО Клубника 2%, без змж","49,99"
"Санкт-Петербург, улица Савушкина, 112А",16.05.2026,"Молоко пастеризованное ИСКРЕННЕ ВАШ 2,5%, без змж","84,99"
"Санкт-Петербург, улица Савушкина, 112А",16.05.2026,"Йогурт питьевой ФРУАТЕ с манго и маракуйей 1,5%, без змж","39,99"
"Санкт-Петербург, улица Савушкина, 112А",16.05.2026,"Йогурт КОЛОМЕНСКИЙ Ежевика, облепиха 5%, без змж","97,99"
"Санкт-Петербург, улица Савушкина, 112А",16.05.2026,"Десерт с творогом 365 ДНЕЙ Масса домашняя с изюмом 23%, с змж","59,99"
"Санкт-Петербург, улица Савушкина, 112А",16.05.2026,"Нектар охлажденный J7 Fresh Taste Манго, с мякотью","219,99"
"Санкт-Петербург, улица Савушкина, 112А",16.05.2026,Яйцо куриное САРАТОВ ПТИЦА Самое СО,"164,99"
"Санкт-Петербург, улица Савушкина, 112А",16.05.2026,"Творожок РАСТИШКА Земляника-дыня со вкусом бананового мороженого 3,5%, без змж","94,99"
"Санкт-Петербург, улица Савушкина, 112А",16.05.2026,"Продукт овсяный VELLE Малина, ежевика","51,99"
"Санкт-Петербург, улица Савушкина, 112А",16.05.2026,"Кефир ДОМИК В ДЕРЕВНЕ 1%, без змж","99,99"
"Санкт-Петербург, улица Савушкина, 112А",16.05.2026,"Продукт молочный сгущенный SUPER Сливочный банан 1%, без змж","79,99"
"Санкт-Петербург, улица Савушкина, 112А",16.05.2026,"Коктейль БОЛЬШАЯ КРУЖКА Клубника с мороженым 3%, без змж","139,99"
"Санкт-Петербург, улица Савушкина, 112А",16.05.2026,"Сметана ЛОСЕВО 15%, без змж","149,99"
"Санкт-Петербург, улица Савушкина, 112А",16.05.2026,"Сырок творожный глазированный СЕЛО ЗЕЛЕНОЕ Шоколад 20%, без змж","58,99"
"Санкт-Петербург, улица Савушкина, 112А",16.05.2026,Молоко сгущенное ГЛАВПРОДУКТ цельное с сахаром без змж,"109,99"
"Санкт-Петербург, улица Савушкина, 112А",16.05.2026,"Коктейль молочный ультрапастеризованный ВАУ МЯУ! Клубника со сливками 3,2%, без змж","32,99"
"Санкт-Петербург, улица Савушкина, 112А",16.05.2026,"Продукт йогуртный CAMPINA Нежный с соком абрикоса и манго 1,2%, без змж","19,99"
"Санкт-Петербург, улица Савушкина, 112А",16.05.2026,"Коктейль высокобелковый кисломолочный ACTIVE ENERGY Тропический микс Апельсин, ананас с соком, без змж","99,99"
"Санкт-Петербург, улица Савушкина, 112А",16.05.2026,"Молоко пастеризованное АНФИСКИНО цельное отборное 3,2–6%, без змж","84,99"
"Санкт-Петербург, улица Савушкина, 112А",16.05.2026,"Кефир ИСКРЕННЕ ВАШ 3,2%, без змж","99,99"
"Санкт-Петербург, улица Савушкина, 112А",16.05.2026,"Кефир ЛОСЕВО 2,5%, без змж","87,99"
"Санкт-Петербург, улица Савушкина, 112А",16.05.2026,"Молоко ультрапастеризованное СНЕЖОК для питания детей школьного и дошкольного возраста 3,2%, без змж","77,99"
"Санкт-Петербург, улица Савушкина, 112А",16.05.2026,"Коктейль молочный БОЛЬШАЯ КРУЖКА Фундук-мороженое 3%, без змж","34,99"
"Санкт-Петербург, улица Савушкина, 112А",16.05.2026,Коктейль молочный ультрапастеризованный SHOCK MILK Кофе высокобелковый обезжиренный,"199,99"
"Санкт-Петербург, улица Савушкина, 112А",16.05.2026,"Напиток кисломолочный ACTIMUNO Kids с клубникой 1,5%","29,99"
"Санкт-Петербург, улица Савушкина, 112А",16.05.2026,"Биойогурт питьевой АКТИБИО Натуральный 1,8%, без змж","57,99"
"Санкт-Петербург, улица Савушкина, 112А",16.05.2026,Яйцо куриное ПРАКСИС С1,"139,99"
"Санкт-Петербург, улица Савушкина, 112А",16.05.2026,"Продукт овсяный NEMOLOKO Yo'gurt Груша, овсяные хлопья","54,99"
"Санкт-Петербург, улица Савушкина, 112А",16.05.2026,"Масло сладкосливочное БРЕСТ-ЛИТОВСК Сливочное несоленое 82,5%, без змж","1334,99"
"Санкт-Петербург, улица Савушкина, 112А",16.05.2026,"Напиток молочный МОЛОЧНАЯ КУЛЬТУРА Ванильный пломбир безлактозный высокобелковый обезжиренный, без змж","109,99"
"Санкт-Петербург, улица Савушкина, 112А",16.05.2026,Коктейль молочный ультрапастеризованный SHOCK MILK Банан высокобелковый обезжиренный,"189,99"
"Санкт-Петербург, улица Савушкина, 112А",16.05.2026,Коктейль молочный ультрапастеризованный SHOCK MILK Клубника высокобелковый обезжиренный,"189,99"
"Санкт-Петербург, улица Савушкина, 112А",16.05.2026,"Творог рассыпчатый МИНСКАЯ МАРКА 5%, без змж","169,99"
"Санкт-Петербург, улица Савушкина, 112А",16.05.2026,"Напиток молочный МОЛОЧНЫЙ МИР Зеленый чай матча 1,3%, без змж","84,99"
"Санкт-Петербург, улица Савушкина, 112А",16.05.2026,"Йогурт питьевой ТЕЛУШКА Клубника 1%, без змж","86,99"
"Санкт-Петербург, улица Савушкина, 112А",16.05.2026,"Творог ВЫБОР СЕМЬИ 5%, без змж","119,99"
"Санкт-Петербург, улица Савушкина, 112А",16.05.2026,"Коктейль молочный ЧУДО Ванильный пломбир 2%, без змж","49,99"
"Санкт-Петербург, улица Савушкина, 112А",16.05.2026,"Молоко сгущенное BONVIDA цельное с сахаром 8,5% без змж","339,99"
"Санкт-Петербург, улица Савушкина, 112А",16.05.2026,"Коктейль молочный ЧУДО Фисташка, пломбир 2%, без змж","48,99"
"Санкт-Петербург, улица Савушкина, 112А",16.05.2026,"Йогурт ЛЕНТА FRESH Греческий Манго, маракуйя 3,4%, без змж","56,99"
"Санкт-Петербург, улица Савушкина, 112А",16.05.2026,"Йогурт питьевой для детей РАСТИШКА Земляника 1,6%, без змж","27,99"
"Санкт-Петербург, улица Савушкина, 112А",16.05.2026,Спред растительно-жировой 365 ДНЕЙ 60%,"119,99"
"Санкт-Петербург, улица Савушкина, 112А",16.05.2026,"Биойогурт питьевой PARMALAT Comfort безлактозный Натуральный 1,7%, без змж","79,99"
"Санкт-Петербург, улица Савушкина, 112А",16.05.2026,"Сливки стерилизованные СЕЛО ЗЕЛЕНОЕ 20%, без змж","229,99"
"Санкт-Петербург, улица Савушкина, 112А",16.05.2026,"Молоко пастеризованное АНФИСКИНО 3,2%, без змж","74,99"
"Санкт-Петербург, улица Савушкина, 112А",16.05.2026,Напиток ЛЕНТА LIFE Овсяный Банановый оригинальный,"124,99"
"Санкт-Петербург, улица Савушкина, 112А",16.05.2026,Напиток на соевой основе NEMOLOKO Professional Миндаль,"159,99"
"Санкт-Петербург, улица Савушкина, 112А",16.05.2026,"Пудинг НЕЖНЫЙ Шоколадный 3%, без змж","36,99"
"Санкт-Петербург, улица Савушкина, 112А",16.05.2026,"Напиток растительный HI Банановый 3,2%","119,99"
"Санкт-Петербург, улица Савушкина, 112А",16.05.2026,"Продукт творожный EXPONENTA Манго, с бифидобактериями ВВ-12, обезжиренный, без змж","139,99"
"Санкт-Петербург, улица Савушкина, 112А",16.05.2026,"Спред растительно-жировой ТМ КРЕМЛЕВСКОЕ, с змж","69,99"
"Санкт-Петербург, улица Савушкина, 112А",16.05.2026,"Напиток кисломолочный EXPONENTA HIGH-PRO Клубника, земляника, без лактозы, обезжиренное, без змж","230,99"
"Санкт-Петербург, улица Савушкина, 112А",16.05.2026,"Продукт йогуртный EHRMANN Alpenland Вишня, нектарин, дикий апельсин 0,3%, без змж","18,99"
"Санкт-Петербург, улица Савушкина, 112А",16.05.2026,"Молоко сгущенное ГЛАВПРОДУКТ цельное с сахаром 8,5%, без змж","249,99"
"Санкт-Петербург, улица Савушкина, 112А",16.05.2026,"Молоко топленое ультрапастеризованное СЕЛО ЗЕЛЕНОЕ 3,2%, без змж","79,99"
"Санкт-Петербург, улица Савушкина, 112А",16.05.2026,"Молоко VIOLA UHT 3,2%, без змж","169,99"
"Санкт-Петербург, улица Савушкина, 112А",16.05.2026,"Молоко топленое СЕВЕРНАЯ ДОЛИНА 3,2%, без змж","99,99"
"Санкт-Петербург, улица Савушкина, 112А",16.05.2026,"Сливки ультрапастеризованные ВЫБОР СЕМЬИ 20%, без змж","189,99"
"Санкт-Петербург, улица Савушкина, 112А",16.05.2026,"Коктейль кисломолочный ACTIVE ENERGY Гранат, малина с соком высокобелковый, без змж","99,99"
"Санкт-Петербург, улица Савушкина, 112А",16.05.2026,"Творог рассыпчатый ДЯДЯ ЛЕНЯ Фермерская лавка, деревенский 9%, без змж","159,99"
"Санкт-Петербург, улица Савушкина, 112А",16.05.2026,Маргарин сливочный САРАТОВСКИЙ со сливочным вкусом и ароматом 60%,"49,99"
"Санкт-Петербург, улица Савушкина, 112А",16.05.2026,"Желе ЖЕЛЕЙКА со вкусом вишни, яблока, персика и пузырьками","29,99"
"Санкт-Петербург, улица Савушкина, 112А",16.05.2026,"Продукт овсяный NEMOLOKO Yo'gurt Манго, маракуйя","54,99"
"Санкт-Петербург, улица Савушкина, 112А",16.05.2026,"Сливки СЕВЕРНАЯ ДОЛИНА 10%, без змж","67,99"
"Санкт-Петербург, улица Савушкина, 112А",16.05.2026,"Йогурт питьевой ФРУАТЕ Манго и маракуйя 1%, без змж","104,99"
"Санкт-Петербург, улица Савушкина, 112А",16.05.2026,"Десерт кокосовый ЛЕНТА LIFE Лимонный тарт, без змж","69,99"
"Санкт-Петербург, улица Савушкина, 112А",16.05.2026,"Десерт кокосовый ЛЕНТА LIFE Яблочная шарлотка, без змж","69,99"
"Санкт-Петербург, улица Савушкина, 112А",16.05.2026,"Ряженка ЛЕНТА 3,2%, без змж","59,99"
"Санкт-Петербург, улица Савушкина, 112А",16.05.2026,"Сливки ультрапастеризованное EHRMANN Для кофе 10%, без змж, 10x10г","59,99"
"Санкт-Петербург, улица Савушкина, 112А",16.05.2026,"Йогурт LACTICA Греческий с медом и грецким орехом 3% двухслойный, без змж","114,99"
"Санкт-Петербург, улица Савушкина, 112А",16.05.2026,"Напиток молочный COFFEE BREAK Latte 1,3%, без змж","79,99"
"Санкт-Петербург, улица Савушкина, 112А",16.05.2026,"Творог ЛЕНТА 9%, без змж","99,99"
"Санкт-Петербург, улица Савушкина, 112А",16.05.2026,"Сливки ультрапастеризованные ВЫБОР СЕМЬИ 10%, без змж","109,99"
"Санкт-Петербург, улица Савушкина, 112А",16.05.2026,"Сметана БУРЕНКИНО 20%, без змж","74,99"
"Санкт-Петербург, улица Савушкина, 112А",16.05.2026,"Коктейль молочный БОЛЬШАЯ КРУЖКА Фисташка-мороженое 3%, без змж","34,99"
"Санкт-Петербург, улица Савушкина, 112А",16.05.2026,"Напиток растительный ZINUS VEGAN Фундуковый 1,8%","124,99"
"Санкт-Петербург, улица Савушкина, 112А",16.05.2026,"Сырок творожный глазированный А.РОСТАГРОКОМПЛЕКС Суфле с ванилью в темном шоколаде 15%, без змж","69,99"
"Санкт-Петербург, улица Савушкина, 112А",16.05.2026,"Коктейль молочный YOMILK PROTEIN Кофе мокко 1,5%, без змж","98,99"
"Санкт-Петербург, улица Савушкина, 112А",16.05.2026,"Десерт творожный ДМЗ с изюмом 23%, с змж","61,99"
"Санкт-Петербург, улица Савушкина, 112А",16.05.2026,Напиток соево-кокосовый PLANTO Barista Классический обогащенный кальцием,"179,99"
"Санкт-Петербург, улица Савушкина, 112А",16.05.2026,"Десерт глазированный СВОЯ КОРОВА с варенкой в вафельном рожке 20%, с змж","38,99"
"Санкт-Петербург, улица Савушкина, 112А",16.05.2026,Напиток овсяный NEMOLOKO Экстралайт Классический,"79,99"
"Санкт-Петербург, улица Савушкина, 112А",16.05.2026,"Десерт мультизлаковый ЛЕНТА LIFE Соленая карамель, без змж","69,99"
"Санкт-Петербург, улица Савушкина, 112А",16.05.2026,Напиток на соевой основе NEMOLOKO Professional Кокос,"159,99"
"Санкт-Петербург, улица Савушкина, 112А",16.05.2026,"Напиток растительный ZINUS VEGAN Миндаль, ваниль 3,2%, для детского питания с 3-х лет","104,99"
"Санкт-Петербург, улица Савушкина, 112А",16.05.2026,"Коктейль молочный САВУШКИН Топ Молочный шоколад 2%, без змж","79,99"
"Санкт-Петербург, улица Савушкина, 112А",16.05.2026,"Коктейль молочный YOMILK PROTEIN Клубника 1,5%, без змж","73,99"
"Санкт-Петербург, улица Савушкина, 112А",16.05.2026,"Пирожное бисквитное KINDER Пингви Абрикос 23,3%, без змж","76,99"
"Санкт-Петербург, улица Савушкина, 112А",16.05.2026,"Сырки творожные глазированные DELISSE с ванилью в молочном шоколаде 15%, без змж","154,99"
"Санкт-Петербург, улица Савушкина, 112А",16.05.2026,"Йогурт НЕЖНЫЙ Легкий с соком клубники 0,1%, без змж","14,99"
"Санкт-Петербург, улица Савушкина, 112А",16.05.2026,"Десерт творожный глазированный РОСТАГРОЭКСПОРТ Конфеты с молоком сгущенным вареным в молочном шоколаде 15%, без змж","59,99"
"Санкт-Петербург, улица Савушкина, 112А",16.05.2026,"Коктейль молочный ультрапастеризованный ТОПТЫЖКА Шоколадный 3,2%, без змж","32,99"
"Санкт-Петербург, улица Савушкина, 112А",16.05.2026,"Йогурт СВЕЖЕЕ ЗАВТРА Ваниль, безлактозный 2,8%, без змж","54,99"
"Санкт-Петербург, улица Савушкина, 112А",16.05.2026,"Десерт творожный EPICA Flavorite с кокосом и миндалем 8,9%, без змж","57,99"
"Санкт-Петербург, улица Савушкина, 112А",16.05.2026,"Молоко ультрапастеризованное ВЫБОР СЕМЬИ 3,2%, без змж","89,99"
"Санкт-Петербург, улица Савушкина, 112А",16.05.2026,Напиток растительный ЛЕНТА LIFE Йогуртный облепиха,"49,99"
"Санкт-Петербург, улица Савушкина, 112А",16.05.2026,"Творог САВУШКИН Хуторок 5%, без змж","90,99"
"Санкт-Петербург, улица Савушкина, 112А",16.05.2026,"Йогурт питьевой для детей РАСТИШКА Пломбир с голубикой 1,6% обогащенный, без змж","29,99"
"Санкт-Петербург, улица Савушкина, 112А",16.05.2026,"Масло топленое ПРЕДГОРЬЕ КАВКАЗА 99%, без змж","449,99"
"Санкт-Петербург, улица Савушкина, 112А",16.05.2026,"Продукт йогуртный EHRMANN Эрмигурт Экстра Сливочный с тропическими фруктами 7,5%, без змж","29,99"
"Санкт-Петербург, улица Савушкина, 112А",16.05.2026,"Сырок творожный глазированный СЕЛО ЗЕЛЕНОЕ Ваниль 20%, без змж","57,99"
"Санкт-Петербург, улица Савушкина, 112А",16.05.2026,"Напиток растительный GREEN RANCH Barista Кокосовый 1,8%","139,99"
"Санкт-Петербург, улица Савушкина, 112А",16.05.2026,"Творог рассыпчатый ЭКОМИЛК натуральный 9%, без змж","149,99"
"Санкт-Петербург, улица Савушкина, 112А",16.05.2026,"Масло сливочное NATURA 82%, без змж","489,99"
"Санкт-Петербург, улица Савушкина, 112А",16.05.2026,"Напиток овсяный ОВСЯША обогащенный витаминами и минеральными веществами 1,5%","84,99"
"Санкт-Петербург, улица Савушкина, 112А",16.05.2026,"Коктейль молочный ультрапастеризованный HYPER со вкусом Кофе Латте, обогащенный белком безлактозный, без змж","174,99"
"Санкт-Петербург, улица Савушкина, 112А",16.05.2026,"Десерт с творогом 365 ДНЕЙ Масса домашняя Картошка 23%, с змж","59,99"
"Санкт-Петербург, улица Савушкина, 112А",16.05.2026,"Пудинг EHRMANN Эрмигурт Экстра Royal Chokolate 3,2%, без змж","39,99"
"Санкт-Петербург, улица Савушкина, 112А",16.05.2026,Молоко сгущенное ЛЕНТА с сахаром,"54,99"
"Санкт-Петербург, улица Савушкина, 112А",16.05.2026,"Творог ХОЗЯЙСТВО ВАСИЛЬЕВОЙ А.В. 9%, без змж","89,99"
"Санкт-Петербург, улица Савушкина, 112А",16.05.2026,"Коктейль кисломолочный ACTIVE ENERGY Манго, маракуйя с соком высокобелковый, без змж","99,99"
"Санкт-Петербург, улица Савушкина, 112А",16.05.2026,"Йогурт питьевой ЛОСЕВО с брусникой 2,5%, без змж","109,99"
"Санкт-Петербург, улица Савушкина, 112А",16.05.2026,"Молоко ультрапастеризованное ИЗ ВОЛОГДЫ Вологодское 3,2% ГОСТ, без змж","28,99"
"Санкт-Петербург, улица Савушкина, 112А",16.05.2026,"Продукт растительный со сметаной 365 ДНЕЙ 20%, с змж","78,99"
"Санкт-Петербург, улица Савушкина, 112А",16.05.2026,"Йогурт питьевой БОЛЬШАЯ КРУЖКА Персик 2,5%, без змж","79,99"
"Санкт-Петербург, улица Савушкина, 112А",16.05.2026,Яйцо куриное ВАРАКСИНО деревенское СО,"129,99"
"Санкт-Петербург, улица Савушкина, 112А",16.05.2026,"Йогурт питьевой для детей РАСТИШКА Клубника 2,6%, с 3 лет, без змж","43,99"
"Санкт-Петербург, улица Савушкина, 112А",16.05.2026,"Сырок творожный глазированный ТВОРОБУШКИ с начинкой ваниль 20%, без змж","32,99"
"Санкт-Петербург, улица Савушкина, 112А",16.05.2026,"Коктейль молочный ЧУДО Дыня 2%, без змж","149,99"
"Санкт-Петербург, улица Савушкина, 112А",16.05.2026,"Продукт йогуртный пастеризованный ВЫБОР СЕМЬИ с соком вишни 0,3%, без змж","26,99"
"Санкт-Петербург, улица Савушкина, 112А",16.05.2026,"Сливки ультрапастеризованные ЛЕНТА 10%, без змж","64,99"
"Санкт-Петербург, улица Савушкина, 112А",16.05.2026,"Продукт йогуртный CAMPINA Нежный с соком банана и клубники 1,2%, без змж","19,99"
"Санкт-Петербург, улица Савушкина, 112А",16.05.2026,"Масло сливочное NATURA соленое 82%, без змж","189,99"
"Санкт-Петербург, улица Савушкина, 112А",16.05.2026,"Продукт йогуртный FRUTTIS Сливочный Персик, маракуйя/Ананас, дыня 5%, без змж","27,99"
"Санкт-Петербург, улица Савушкина, 112А",16.05.2026,"Пудинг молочный ЧУДО Карамель 3%, без змж","39,99"
"Санкт-Петербург, улица Савушкина, 112А",16.05.2026,"Йогурт МОЛОЧНЫЙ МИР Yogo Bubble с шариками и соком маракуйи 1,5%, без змж","99,99"
"Санкт-Петербург, улица Савушкина, 112А",16.05.2026,Десерт кокосовый G-BALANCE Клубника с йогуртовой закваской,"93,99"
"Санкт-Петербург, улица Савушкина, 112А",16.05.2026,"Десерт кокосовый ЛЕНТА LIFE Клубничный чизкейк, без змж","69,99"
"Санкт-Петербург, улица Савушкина, 112А",16.05.2026,"Продукт молокосодержащий сгущенный СЛАВЯНКА с сахаром 8,5%, с змж","188,99"
"Санкт-Петербург, улица Савушкина, 112А",16.05.2026,"Продукт йогуртный EHRMANN Эрмигурт Экстра Сливочный с клубникой и земляникой 7,5%, без змж","29,99"
"Санкт-Петербург, улица Савушкина, 112А",16.05.2026,Желе 365 ДНЕЙ со вкусом персика,"28,99"
"Санкт-Петербург, улица Савушкина, 112А",16.05.2026,"Сырок творожный глазированный ВКУСНОТЕЕВО Премиум с клубникой 15%, без змж","42,99"
"Санкт-Петербург, улица Савушкина, 112А",16.05.2026,"Десерт глазированный 365 ДНЕЙ Вареная сгущенка 23%, с змж","13,99"
"Санкт-Петербург, улица Савушкина, 112А",16.05.2026,"Молоко ультрапастеризованное PARMALAT Comfort UHT безлактозное 1,8%, без змж","49,99"
"Санкт-Петербург, улица Савушкина, 112А",16.05.2026,"Йогурт питьевой ЧУДО Банан, клубника, манго 1,9%, без змж","134,99"
"Санкт-Петербург, улица Савушкина, 112А",16.05.2026,"Молоко ультрапастеризованное ЛЕНТА 3,2%, без змж","94,99"
"Санкт-Петербург, улица Савушкина, 112А",16.05.2026,"Продукт молокосодержащий ЛЕНТА Вареная сгущенка с сахаром 3%, без змж","129,99"
"Санкт-Петербург, улица Савушкина, 112А",16.05.2026,"Трубочка вафельная ЗАВОД ИМЕНИ ПАСТУХОВА с молочным кремом и молоком сгущенным, без змж","119,99"
"Санкт-Петербург, улица Савушкина, 112А",16.05.2026,"Сметана ЛОСЕВО 15%, без змж","99,99"
"Санкт-Петербург, улица Савушкина, 112А",16.05.2026,"Йогурт питьевой БОЛЬШАЯ КРУЖКА Клубника 2,5%, без змж","79,99"
"Санкт-Петербург, улица Савушкина, 112А",16.05.2026,"Йогурт PARMALAT Comfort Персик, куркума безлактозный 3%, без змж","59,99"
"Санкт-Петербург, улица Савушкина, 112А",16.05.2026,"Йогурт из козьего молока БЕЛОЕ ЗОЛОТО Груша 3,2%, без змж","54,99"
"Санкт-Петербург, улица Савушкина, 112А",16.05.2026,"Молоко ультрапастеризованное ВЫБОР СЕМЬИ 1,5%, без змж","79,99"
"Санкт-Петербург, улица Савушкина, 112А",16.05.2026,"Йогурт ЭГО Греческий 8%, без змж","50,99"
"Санкт-Петербург, улица Савушкина, 112А",16.05.2026,"Пудинг НЕЖНЫЙ Ванильный 2,8%, без змж","36,99"
"Санкт-Петербург, улица Савушкина, 112А",16.05.2026,"Пудинг EHRMANN Эрмигурт Экстра Bella Caramel 3%, без змж","39,99"
"Санкт-Петербург, улица Савушкина, 112А",16.05.2026,Маргарин ХОЗЯЮШКА Сливочный 60%,"52,99"
"Санкт-Петербург, улица Савушкина, 112А",16.05.2026,"Сливки ультрапастеризованные ВЫБОР СЕМЬИ 33%, без змж","279,99"
"Санкт-Петербург, улица Савушкина, 112А",16.05.2026,"Молоко козье ультрапастеризованное СЕЛО ЗЕЛЕНОЕ отборное 2,5–5,6%, без змж","59,99"
"Санкт-Петербург, улица Савушкина, 112А",16.05.2026,"Пирожное бисквитное ВАУ МЯУ! с молочной начинкой, без змж","52,99"
"Санкт-Петербург, улица Савушкина, 112А",16.05.2026,"Продукт йогуртный CAMPINA Нежный с соком клубники 1,2%, без змж","19,99"
"Санкт-Петербург, улица Савушкина, 112А",16.05.2026,"Молоко пастеризованное АНФИСКИНО 2,5%, без змж","69,99"
"Санкт-Петербург, улица Савушкина, 112А",16.05.2026,"Молоко ультрапастеризованное ВЫБОР СЕМЬИ 2,5%, без змж","84,99"
"Санкт-Петербург, улица Савушкина, 112А",16.05.2026,"Шейк-коктейль молочный пастеризованный LACTICA Малина, высокобелковый, без змж","89,99"
"Санкт-Петербург, улица Савушкина, 112А",16.05.2026,Коктейль молочный ТОПТЫЖКА у/п шоколадный пломбир маршмеллоу 2% без змж,"59,99"
"Санкт-Петербург, улица Савушкина, 112А",16.05.2026,Молоко кокосовое CHUN GUANG,"89,99"
